Nama,Nilai_Ujian
Ouzen (オーゼン),https://intip.in/RILLJawabanPraktikum3
"Yuigahama, Yui (由比ヶ浜 結衣)",https://intip.in/RILLJawabanPraktikum3
Hiei (飛影),https://intip.in/RILLJawabanPraktikum3
Dabi (荼毘),https://intip.in/RILLJawabanPraktikum3
"Nikiforov, Victor (ヴィクトル・ニキフォロフ)",https://intip.in/RILLJawabanPraktikum3
"Enoshima, Junko (江ノ島 盾子)",https://intip.in/RILLJawabanPraktikum3
Zeke (ジーク),https://intip.in/RILLJawabanPraktikum3
"Cha, Hae-In (차해인)",https://intip.in/RILLJawabanPraktikum3
"Toga, Himiko (渡我 被身子)",https://intip.in/RILLJawabanPraktikum3
"Kishibe, Rohan (岸辺 露伴)",https://intip.in/RILLJawabanPraktikum3
"Miyamura, Izumi (宮村 伊澄)",https://intip.in/RILLJawabanPraktikum3
"Hijikata, Toushirou (土方 十四郎)",https://intip.in/RILLJawabanPraktikum3
"Forger, Anya (アーニャ・フォージャー)",https://intip.in/RILLJawabanPraktikum3
"River, Nate (ネイト・リバー)",https://intip.in/RILLJawabanPraktikum3
"Uchiha, Madara (うちはマダラ)",https://intip.in/RILLJawabanPraktikum3
"Kusakabe, Shinra (森羅 日下部)",https://intip.in/RILLJawabanPraktikum3
"Spiegel, Spike (スパイク・スピーゲル)",https://intip.in/RILLJawabanPraktikum3
Ikaros (イカロス),https://intip.in/RILLJawabanPraktikum3
"Wong Hau Pepelu Tivrusky IV, Edward (エドワード・ウォン・ハウ・ペペル・チブルスキー4世)",https://intip.in/RILLJawabanPraktikum3
"Yuuki, Asuna (結城 明日奈 / アスナ)",https://intip.in/RILLJawabanPraktikum3
"Ootori, Kyouya (鳳 鏡夜)",https://intip.in/RILLJawabanPraktikum3
"Watanabe, You (渡辺 曜)",https://intip.in/RILLJawabanPraktikum3
"Takahashi, Ryousuke (高橋 涼介)",https://intip.in/RILLJawabanPraktikum3
"Hiiragi, Shinoa (柊 シノア)",https://intip.in/RILLJawabanPraktikum3
"Uenoyama, Ritsuka (上ノ山 立夏)",https://intip.in/RILLJawabanPraktikum3
"Matsuno, Chifuyu (松野 千冬)",https://intip.in/RILLJawabanPraktikum3
"Kurogane, Ikki (黒鉄 一輝)",https://intip.in/RILLJawabanPraktikum3
Raphtalia (ラフタリア),https://intip.in/RILLJawabanPraktikum3
"Ootani, Atsushi (大谷敦士)",https://intip.in/RILLJawabanPraktikum3
Lancer (ランサー),https://intip.in/RILLJawabanPraktikum3
"Kyan, Reki (喜屋武 暦)",https://intip.in/RILLJawabanPraktikum3
Lum (ラム),https://intip.in/RILLJawabanPraktikum3
"Archiviste, Noé (ノエ・アルシヴェスト)",https://intip.in/RILLJawabanPraktikum3
"Tatsumi, Koutarou (巽 幸太郎)",https://intip.in/RILLJawabanPraktikum3
"Akiyama, Mio (秋山 澪)",https://intip.in/RILLJawabanPraktikum3
"Shiina, Mahiru (椎名 真昼)",https://intip.in/RILLJawabanPraktikum3
Maomao (猫猫),https://intip.in/RILLJawabanPraktikum3
"Kiryuuin, Satsuki (鬼龍院 皐月)",https://intip.in/RILLJawabanPraktikum3
"Ryuu, Jusetsu (柳 寿雪)",https://intip.in/RILLJawabanPraktikum3
"Kochou, Shinobu (胡蝶 しのぶ)",https://intip.in/RILLJawabanPraktikum3
"Kotoishi, Naru (琴石 なる)",https://intip.in/RILLJawabanPraktikum3
"Speedwagon, Robert E. O. (ロバート・E・O・スピードワゴン)",https://intip.in/RILLJawabanPraktikum3
"Saotome, Ranma (早乙女 乱馬)",https://intip.in/RILLJawabanPraktikum3
"Katou, Megumi (加藤 恵)",https://intip.in/RILLJawabanPraktikum3
"Sento, Isuzu (千斗 いすず)",https://intip.in/RILLJawabanPraktikum3
"Strife, Cloud (クラウド・ストライフ)",https://intip.in/RILLJawabanPraktikum3
"Nendou, Riki (燃堂 力)",https://intip.in/RILLJawabanPraktikum3
"Yaguchi, Yatora (矢口 八虎)",https://intip.in/RILLJawabanPraktikum3
"Ogino, Chihiro (荻野 千尋)",https://intip.in/RILLJawabanPraktikum3
"Konno, Yuuki (紺野 木綿季)",https://intip.in/RILLJawabanPraktikum3
"Nagumo, Hajime (南雲 ハジメ)",https://intip.in/RILLJawabanPraktikum3
"Satou, Mafuyu (佐藤 真冬)",https://intip.in/RILLJawabanPraktikum3
"Sung, Jin-Woo (성 진우)",https://intip.in/RILLJawabanPraktikum3
"Kirishima, Eijirou (切島 鋭児郎)",https://intip.in/RILLJawabanPraktikum3
"Hirasawa, Yui (平沢 唯)",https://intip.in/RILLJawabanPraktikum3
"Michaelis, Sebastian (セバスチャン・ミカエリス)",https://intip.in/RILLJawabanPraktikum3
"Amane, Misa (弥 海砂)",https://intip.in/RILLJawabanPraktikum3
Yato (夜ト),https://intip.in/RILLJawabanPraktikum3
"Mashiro, Moritaka (真城 最高)",https://intip.in/RILLJawabanPraktikum3
"Oga, Tatsumi (男鹿 辰巳)",https://intip.in/RILLJawabanPraktikum3
"Plisetsky, Yuri (ユーリ・プリセツキー)",https://intip.in/RILLJawabanPraktikum3
"Yuuki, Makoto (有里 湊 / 結城 理)",https://intip.in/RILLJawabanPraktikum3
"Dreyar, Laxus (ラクサス・ドレアー)",https://intip.in/RILLJawabanPraktikum3
"Souma, Momiji (草摩 紅葉)",https://intip.in/RILLJawabanPraktikum3
"Yatogami, Tooka (夜刀神 十香)",https://intip.in/RILLJawabanPraktikum3
"Lagusa, Angelo (アヴィリオ・ブルーノ / アンジェロ・ラクーザ)",https://intip.in/RILLJawabanPraktikum3
Diablo (ディアブロ),https://intip.in/RILLJawabanPraktikum3
Alucard (アーカード),https://intip.in/RILLJawabanPraktikum3
"Miniwa, Tsumiki (御庭 つみき)",https://intip.in/RILLJawabanPraktikum3
"Shirayuki, Mizore (白雪 みぞれ)",https://intip.in/RILLJawabanPraktikum3
"Stein, Franken (フランケン シュタイン)",https://intip.in/RILLJawabanPraktikum3
"Arima, Kousei (有馬 公生)",https://intip.in/RILLJawabanPraktikum3
"Higashikata, Jousuke (東方 定助)",https://intip.in/RILLJawabanPraktikum3
"Ichinose, Kotomi (一ノ瀬 ことみ)",https://intip.in/RILLJawabanPraktikum3
Ymir (ユミル),https://intip.in/RILLJawabanPraktikum3
Frieren (フリーレン),https://intip.in/RILLJawabanPraktikum3
"Nota Seniorious, Chtholly (クトリ・ノタ・セニオリス)",https://intip.in/RILLJawabanPraktikum3
"Tsutsukakushi, Tsukiko (筒隠 月子)",https://intip.in/RILLJawabanPraktikum3
"Sukehiro, Yami (ヤミ・スケヒロ)",https://intip.in/RILLJawabanPraktikum3
Kumoko (私),https://intip.in/RILLJawabanPraktikum3
"Degurechaff, Tanya (ターニャ・デグレチャフ)",https://intip.in/RILLJawabanPraktikum3
"Oshino, Meme (忍野 メメ)",https://intip.in/RILLJawabanPraktikum3
The Skull Knight (髑髏の騎士),https://intip.in/RILLJawabanPraktikum3
"Hyakuya, Yuuichirou (百夜 優一郎)",https://intip.in/RILLJawabanPraktikum3
"Nanba, Mutta (南波六太)",https://intip.in/RILLJawabanPraktikum3
"Harvent, Miria (ミリア・ハーヴェント)",https://intip.in/RILLJawabanPraktikum3
"Argyle, Felix (フェリックス・アーガイル / フェリス)",https://intip.in/RILLJawabanPraktikum3
"Sakuragi, Hanamichi (桜木 花道)",https://intip.in/RILLJawabanPraktikum3
"Hoshino, Ai (星野 アイ)",https://intip.in/RILLJawabanPraktikum3
"Mabuchi, Kou (馬渕 洸)",https://intip.in/RILLJawabanPraktikum3
"Hazuki, Nagisa (葉月 渚)",https://intip.in/RILLJawabanPraktikum3
"Cranel, Bell (ベル・クラネル)",https://intip.in/RILLJawabanPraktikum3
"Mitsuba, Sousuke (三葉 惣助)",https://intip.in/RILLJawabanPraktikum3
"Yashiro, Nene (八尋 寧々)",https://intip.in/RILLJawabanPraktikum3
"Okumura, Rin (奥村 燐)",https://intip.in/RILLJawabanPraktikum3
"Furude, Rika (古手 梨花)",https://intip.in/RILLJawabanPraktikum3
Jeanne (ジャンヌ),https://intip.in/RILLJawabanPraktikum3
"Rengoku, Kyoujurou (煉獄 杏寿郎)",https://intip.in/RILLJawabanPraktikum3
"Pheles, Mephisto (メフィスト・フェレス)",https://intip.in/RILLJawabanPraktikum3
"Evergarden, Violet (ヴァイオレット・エヴァーガーデン)",https://intip.in/RILLJawabanPraktikum3
Yami Yuugi (闇の遊戯),https://intip.in/RILLJawabanPraktikum3
Shiro (シロ),https://intip.in/RILLJawabanPraktikum3
Death the Kid (デス・ザ・キッド),https://intip.in/RILLJawabanPraktikum3
"Aioi, Yuuko (相生 祐子)",https://intip.in/RILLJawabanPraktikum3
"Gasai, Yuno (我妻 由乃)",https://intip.in/RILLJawabanPraktikum3
"Victoria, Seras (セラス・ヴィクトリア)",https://intip.in/RILLJawabanPraktikum3
"Ishida, Uryuu (石田 雨竜)",https://intip.in/RILLJawabanPraktikum3
"Katsura, Kotarou (桂 小太郎)",https://intip.in/RILLJawabanPraktikum3
"Kaburagi, Kotetsu T. (鏑木・Ｔ・虎徹/ ワイルドタイガー)",https://intip.in/RILLJawabanPraktikum3
"Milizé, Vladilena (ヴラディレーナ・ミリーゼ)",https://intip.in/RILLJawabanPraktikum3
All Might (オール・マイト),https://intip.in/RILLJawabanPraktikum3
"Ayanami, Rei (綾波 レイ)",https://intip.in/RILLJawabanPraktikum3
"Giovanna, Giorno (ジョルノ・ジョバァーナ)",https://intip.in/RILLJawabanPraktikum3
"Midorima, Shintarou (緑間 真太郎)",https://intip.in/RILLJawabanPraktikum3
"Saluja, Alibaba (アリババ・サルージャ)",https://intip.in/RILLJawabanPraktikum3
"Katsuragi, Misato (葛城 ミサト)",https://intip.in/RILLJawabanPraktikum3
"Sakagami, Tomoyo (坂上 智代)",https://intip.in/RILLJawabanPraktikum3
"Marvell, Wendy (ウェンディ・マーベル)",https://intip.in/RILLJawabanPraktikum3
"Sanka, Rea (散華 礼弥)",https://intip.in/RILLJawabanPraktikum3
Denji (デンジ),https://intip.in/RILLJawabanPraktikum3
"Armstrong, Alex Louis (アレックス・ルイ・アームストロング)",https://intip.in/RILLJawabanPraktikum3
"Migurdia, Roxy (ロキシー・ミグルディア)",https://intip.in/RILLJawabanPraktikum3
"Nishikigi, Chisato (錦木 千束)",https://intip.in/RILLJawabanPraktikum3
"Kuwabara, Kazuma (桑原 和真)",https://intip.in/RILLJawabanPraktikum3
Iris (アイリス),https://intip.in/RILLJawabanPraktikum3
"Azusagawa, Kaede (梓川 花楓)",https://intip.in/RILLJawabanPraktikum3
Caiman (カイマン),https://intip.in/RILLJawabanPraktikum3
"Souryuu, Asuka Langley (惣流・アスカ・ラングレー)",https://intip.in/RILLJawabanPraktikum3
"Tsukiyama, Shuu (月山 習)",https://intip.in/RILLJawabanPraktikum3
"Emiya, Kiritsugu (衛宮 切嗣)",https://intip.in/RILLJawabanPraktikum3
"Morita, Shinobu (森田 忍)",https://intip.in/RILLJawabanPraktikum3
"Braun, Gabi (ガビ・ブラウン)",https://intip.in/RILLJawabanPraktikum3
"Mercury, Rory (ロゥリィ・マーキュリー)",https://intip.in/RILLJawabanPraktikum3
"Okita, Sougo (沖田 総悟)",https://intip.in/RILLJawabanPraktikum3
"Kotegawa, Chisa (古手川 千紗)",https://intip.in/RILLJawabanPraktikum3
"Echizen, Ryouma (越前  リョーマ)",https://intip.in/RILLJawabanPraktikum3
Tatsumaki (戦慄のタツマキ),https://intip.in/RILLJawabanPraktikum3
"Ishigami, Senkuu (石神 千空)",https://intip.in/RILLJawabanPraktikum3
Archer (アーチャー),https://intip.in/RILLJawabanPraktikum3
"Samejima, Mamimi (サメジマ・マミ美)",https://intip.in/RILLJawabanPraktikum3
"Kanzaki, Urumi (神崎 麗美)",https://intip.in/RILLJawabanPraktikum3
"Futaba, Rio (双葉 理央)",https://intip.in/RILLJawabanPraktikum3
"Midoriya, Izuku (緑谷 出久)",https://intip.in/RILLJawabanPraktikum3
"Haninozuka, Mitsukuni (埴之塚 光邦)",https://intip.in/RILLJawabanPraktikum3
Balalaika (バラライカ),https://intip.in/RILLJawabanPraktikum3
"Shihouin, Yoruichi (四楓院 夜一)",https://intip.in/RILLJawabanPraktikum3
"Lamperouge, Lelouch (ルルーシュ・ランペルージ)",https://intip.in/RILLJawabanPraktikum3
"Nakiri, Erina (薙切 えりな)",https://intip.in/RILLJawabanPraktikum3
Phosphophyllite (フォスフォフィライト),https://intip.in/RILLJawabanPraktikum3
Morgiana (モルジアナ),https://intip.in/RILLJawabanPraktikum3
"Izumi, Shinichi (泉 新一)",https://intip.in/RILLJawabanPraktikum3
Kino (キノ),https://intip.in/RILLJawabanPraktikum3
"Deviluke, Lala Satalin (ララ・サタリン・デビルーク)",https://intip.in/RILLJawabanPraktikum3
"Hino, Rei (火野 レイ)",https://intip.in/RILLJawabanPraktikum3
"Nijimura, Okuyasu (虹村 億泰)",https://intip.in/RILLJawabanPraktikum3
Lucy (ルーシー),https://intip.in/RILLJawabanPraktikum3
"Hanagaki, Takemichi (花垣 武道)",https://intip.in/RILLJawabanPraktikum3
"Nara, Shikamaru (奈良 シカマル)",https://intip.in/RILLJawabanPraktikum3
Aladdin (アラジン),https://intip.in/RILLJawabanPraktikum3
"Aizawa, Shouta (相澤 消太)",https://intip.in/RILLJawabanPraktikum3
"Gotou, Hitori (後藤 ひとり)",https://intip.in/RILLJawabanPraktikum3
"Wallenstein, Ais (アイズ・ヴァレンシュタイン)",https://intip.in/RILLJawabanPraktikum3
"Fujiwara, Bunta (藤原 文太)",https://intip.in/RILLJawabanPraktikum3
"Anarchy, Stocking (ストッキング・アナーキー)",https://intip.in/RILLJawabanPraktikum3
"Okazaki, Tomoya (岡崎 朋也)",https://intip.in/RILLJawabanPraktikum3
Himmel (ヒンメル),https://intip.in/RILLJawabanPraktikum3
"Aragaki, Ayase (新垣 あやせ)",https://intip.in/RILLJawabanPraktikum3
"Asui, Tsuyu (蛙吹 梅雨)",https://intip.in/RILLJawabanPraktikum3
"Portgas D., Ace (ポートガス・D・エース)",https://intip.in/RILLJawabanPraktikum3
"Anderson, Alexander (アレクサンド・アンデルセン)",https://intip.in/RILLJawabanPraktikum3
"Tempest, Rimuru (リムル＝テンペスト)",https://intip.in/RILLJawabanPraktikum3
"Getou, Suguru (夏油 傑)",https://intip.in/RILLJawabanPraktikum3
"Thierry, Laurent (ローラン・ティエリー)",https://intip.in/RILLJawabanPraktikum3
"Kagamihara, Nadeshiko (各務原 なでしこ)",https://intip.in/RILLJawabanPraktikum3
Ein (アイン),https://intip.in/RILLJawabanPraktikum3
"Albarn, Maka (マカ＝アルバーン)",https://intip.in/RILLJawabanPraktikum3
"Fujibayashi, Kyou (藤林 杏)",https://intip.in/RILLJawabanPraktikum3
"Zenin, Maki (禪院 真希)",https://intip.in/RILLJawabanPraktikum3
"Kamado, Nezuko (竈門 禰豆子)",https://intip.in/RILLJawabanPraktikum3
"Momobami, Kirari (桃喰 綺羅莉)",https://intip.in/RILLJawabanPraktikum3
"Hitachiin, Kaoru (常陸院 馨)",https://intip.in/RILLJawabanPraktikum3
Tatsumi (タツミ),https://intip.in/RILLJawabanPraktikum3
"Iwakura, Lain (岩倉 玲音)",https://intip.in/RILLJawabanPraktikum3
"Nakano, Nino (中野 二乃)",https://intip.in/RILLJawabanPraktikum3
Togata (トガタ),https://intip.in/RILLJawabanPraktikum3
Zero Two (ゼロツー),https://intip.in/RILLJawabanPraktikum3
"Azusagawa, Sakuta (梓川 咲太)",https://intip.in/RILLJawabanPraktikum3
"Suwa, Hiroto (須和 弘人)",https://intip.in/RILLJawabanPraktikum3
"Ogiwara, Sayu (荻原 沙優)",https://intip.in/RILLJawabanPraktikum3
"Kuujou, Joutarou (空条 承太郎)",https://intip.in/RILLJawabanPraktikum3
Jin (仁),https://intip.in/RILLJawabanPraktikum3
"Ackerman, Mikasa (ミカサ・アッカーマン)",https://intip.in/RILLJawabanPraktikum3
Rem (レム),https://intip.in/RILLJawabanPraktikum3
"Callenreese, Aslan Jade (アスラン・ジェイド・カーレンリース / アッシュ・リンクス)",https://intip.in/RILLJawabanPraktikum3
"Paladiknight, Leorio (レオリオ=パラディナｲﾄ)",https://intip.in/RILLJawabanPraktikum3
"Sunohara, Youhei (春原 陽平)",https://intip.in/RILLJawabanPraktikum3
Hei (黒（ヘイ）),https://intip.in/RILLJawabanPraktikum3
"Kanbaru, Suruga (神原 駿河)",https://intip.in/RILLJawabanPraktikum3
"Fullbuster, Gray (グレイ・フルバスター)",https://intip.in/RILLJawabanPraktikum3
"Doma, Umaru (土間 埋)",https://intip.in/RILLJawabanPraktikum3
"Okumura, Eiji (奥村 英二)",https://intip.in/RILLJawabanPraktikum3
Vash the Stampede (ヴァッシュ・ザ・スタンピード),https://intip.in/RILLJawabanPraktikum3
Monokuma (モノクマ),https://intip.in/RILLJawabanPraktikum3
"Onizuka, Eikichi (鬼塚 英吉)",https://intip.in/RILLJawabanPraktikum3
"Endo, Kenji (遠藤 健児)",https://intip.in/RILLJawabanPraktikum3
"Hitachiin, Hikaru (常陸院 光)",https://intip.in/RILLJawabanPraktikum3
"Lawrence, Kraft (クラフト・ロレンス)",https://intip.in/RILLJawabanPraktikum3
"Vessalius, Oz (オズ＝ベザリウス)",https://intip.in/RILLJawabanPraktikum3
"Makunouchi, Ippo (幕之内 一歩)",https://intip.in/RILLJawabanPraktikum3
"Kazehaya, Shouta (風早 翔太)",https://intip.in/RILLJawabanPraktikum3
Akatsuki (アカツキ),https://intip.in/RILLJawabanPraktikum3
"Nishimiya, Yuzuru (西宮 結絃)",https://intip.in/RILLJawabanPraktikum3
"Lan, Wangji (蓝 忘机)",https://intip.in/RILLJawabanPraktikum3
"Nakano, Yotsuba (中野 四葉)",https://intip.in/RILLJawabanPraktikum3
"Zoldyck, Killua (キルア・ゾルディック)",https://intip.in/RILLJawabanPraktikum3
"Hatori, Chise (羽鳥 智世)",https://intip.in/RILLJawabanPraktikum3
"Morow, Hisoka (ヒソカ・モロウ)",https://intip.in/RILLJawabanPraktikum3
"Asakura, You (麻倉 葉)",https://intip.in/RILLJawabanPraktikum3
"Misaki, Mei (見崎 鳴)",https://intip.in/RILLJawabanPraktikum3
"Otonashi, Yuzuru (音無結弦)",https://intip.in/RILLJawabanPraktikum3
"Mikk, Tyki (ティキ・ミック)",https://intip.in/RILLJawabanPraktikum3
"Blood, Staz Charlie (ブラッド・チャーリー・スタズ)",https://intip.in/RILLJawabanPraktikum3
Ram (ラム),https://intip.in/RILLJawabanPraktikum3
"Zeppeli, Caesar Anthonio (シーザー・アントニオ・ツェペリ)",https://intip.in/RILLJawabanPraktikum3
"Nightray, Gilbert (ギルバート＝ナイトレイ)",https://intip.in/RILLJawabanPraktikum3
"Le Blanc de La Vallière, Louise Françoise (ルイズ・フランソワーズ・ル・ブラン・ド・ラ・ヴァリエール)",https://intip.in/RILLJawabanPraktikum3
"Aizen, Sousuke (藍染 惣右介)",https://intip.in/RILLJawabanPraktikum3
"Kawai, Rika (川井 リカ)",https://intip.in/RILLJawabanPraktikum3
Bondrewd (ボンドルド),https://intip.in/RILLJawabanPraktikum3
"Komatsu, Nana (小松 奈々)",https://intip.in/RILLJawabanPraktikum3
"Kamado, Tanjirou (竈門 炭治郎)",https://intip.in/RILLJawabanPraktikum3
"Itou, Kaiji (伊藤開司)",https://intip.in/RILLJawabanPraktikum3
"Kawashima, Ami (川嶋 亜美)",https://intip.in/RILLJawabanPraktikum3
Sylphiette (シルフィエット),https://intip.in/RILLJawabanPraktikum3
"Cavendish, Diana (ダイアナ・キャベンディッシュ)",https://intip.in/RILLJawabanPraktikum3
"Matsuzaka, Satou (松阪 さとう)",https://intip.in/RILLJawabanPraktikum3
Jinbe (ジンベエ),https://intip.in/RILLJawabanPraktikum3
"Ijichi, Nijika (伊地知 虹夏)",https://intip.in/RILLJawabanPraktikum3
Yin (銀),https://intip.in/RILLJawabanPraktikum3
"Kotobuki, Tsumugi (琴吹 紬)",https://intip.in/RILLJawabanPraktikum3
"Souma, Kyou (草摩 夾)",https://intip.in/RILLJawabanPraktikum3
"Bucciarati, Bruno (ブローノ・ブチャラティ)",https://intip.in/RILLJawabanPraktikum3
"Brando, Diego (ディエゴ・ブランド)",https://intip.in/RILLJawabanPraktikum3
Shin-ah (シンア),https://intip.in/RILLJawabanPraktikum3
"Nagisa, Kaworu (渚 カヲル)",https://intip.in/RILLJawabanPraktikum3
"Li, Shaoran (李 小狼)",https://intip.in/RILLJawabanPraktikum3
"Saten, Ruiko (佐天 涙子)",https://intip.in/RILLJawabanPraktikum3
"Okkotsu, Yuuta (乙骨 憂太)",https://intip.in/RILLJawabanPraktikum3
"Ushiromiya, Battler (右代宮 戦人)",https://intip.in/RILLJawabanPraktikum3
Kyon (キョン),https://intip.in/RILLJawabanPraktikum3
"Suou, Tamaki (須王 環)",https://intip.in/RILLJawabanPraktikum3
"Nico, Robin (ニコ・ロビン)",https://intip.in/RILLJawabanPraktikum3
"Kaga, Kouko (加賀 香子)",https://intip.in/RILLJawabanPraktikum3
"Isshiki, Iroha (一色 いろは)",https://intip.in/RILLJawabanPraktikum3
Obi (オビ),https://intip.in/RILLJawabanPraktikum3
Satoshi (サトシ),https://intip.in/RILLJawabanPraktikum3
"Tendou, Satori (天童 覚)",https://intip.in/RILLJawabanPraktikum3
"Elric, Alphonse (アルフォンス・エルリック)",https://intip.in/RILLJawabanPraktikum3
"Tsugumi, Seishirou (鶫 誠士郎)",https://intip.in/RILLJawabanPraktikum3
"Honda, Tooru (本田 透)",https://intip.in/RILLJawabanPraktikum3
"von Lohengramm, Reinhard (ラインハルト・フォン・ローエングラム)",https://intip.in/RILLJawabanPraktikum3
"Kuroba, Kaito (黒羽 快斗)",https://intip.in/RILLJawabanPraktikum3
Maple (メイプル),https://intip.in/RILLJawabanPraktikum3
"Itoshiki, Nozomu (糸色 望)",https://intip.in/RILLJawabanPraktikum3
"Satou, Tatsuhiro (佐藤 達広)",https://intip.in/RILLJawabanPraktikum3
Batou (バトー),https://intip.in/RILLJawabanPraktikum3
"Senji, Kiyomasa (千地 清正)",https://intip.in/RILLJawabanPraktikum3
"Heartnet, Train (トレイン＝ハートネット)",https://intip.in/RILLJawabanPraktikum3
"Minami, Kotori (南 ことり)",https://intip.in/RILLJawabanPraktikum3
"Kaneda, Shoutarou (金田 正太郎)",https://intip.in/RILLJawabanPraktikum3
Togame (とがめ),https://intip.in/RILLJawabanPraktikum3
"Blouse, Sasha (サシャ・ブラウス)",https://intip.in/RILLJawabanPraktikum3
"Stadtfeld, Kallen (カレン・シュタットフェルト, 紅月カレン)",https://intip.in/RILLJawabanPraktikum3
"Wei, Wuxian (魏 无羡)",https://intip.in/RILLJawabanPraktikum3
"Shirai, Kuroko (白井 黒子)",https://intip.in/RILLJawabanPraktikum3
Shiroe (シロエ),https://intip.in/RILLJawabanPraktikum3
Watashi (私),https://intip.in/RILLJawabanPraktikum3
"Kiyose, Haiji (清瀬 灰二)",https://intip.in/RILLJawabanPraktikum3
"Pucci, Enrico (エンリコ・プッチ)",https://intip.in/RILLJawabanPraktikum3
"Asagiri, Gen (あさぎり ゲン)",https://intip.in/RILLJawabanPraktikum3
"Zeppeli, Gyro (ジャイロ・ツェペリ)",https://intip.in/RILLJawabanPraktikum3
"Suzuki, Iruma (鈴木 入間)",https://intip.in/RILLJawabanPraktikum3
"Amamiya, Ren (雨宮 蓮)",https://intip.in/RILLJawabanPraktikum3
Vanitas (ヴァニタス),https://intip.in/RILLJawabanPraktikum3
"Sawamura, Eijun (沢村 栄純)",https://intip.in/RILLJawabanPraktikum3
"Deviluke, Momo Belia (モモ・ベリア・デビルーク)",https://intip.in/RILLJawabanPraktikum3
Fubuki (地獄のフブキ),https://intip.in/RILLJawabanPraktikum3
"Wang, Qi (王騎)",https://intip.in/RILLJawabanPraktikum3
Sara (サラ),https://intip.in/RILLJawabanPraktikum3
"Kururugi, Suzaku (枢木 スザク)",https://intip.in/RILLJawabanPraktikum3
Pochita (ポチタ),https://intip.in/RILLJawabanPraktikum3
"Boa, Hancock (ボア・ハンコック)",https://intip.in/RILLJawabanPraktikum3
"Kirisaki, Chitoge (桐崎 千棘)",https://intip.in/RILLJawabanPraktikum3
"Ichinose, Chizuru (一ノ瀬 ちづる)",https://intip.in/RILLJawabanPraktikum3
"Yamamoto, Takeshi (山本 武)",https://intip.in/RILLJawabanPraktikum3
"Mori, Buntarou (森 文太郎)",https://intip.in/RILLJawabanPraktikum3
"Tadokoro, Megumi (田所 恵)",https://intip.in/RILLJawabanPraktikum3
Akaza (猗窩座),https://intip.in/RILLJawabanPraktikum3
"Furukawa, Akio (古河秋生)",https://intip.in/RILLJawabanPraktikum3
"Hoshino, Yutaka (星野 裕)",https://intip.in/RILLJawabanPraktikum3
"Watch, Leonardo (レオナルド・ウォッチ)",https://intip.in/RILLJawabanPraktikum3
"Kani, Nayuta (可児 那由多)",https://intip.in/RILLJawabanPraktikum3
"Isagi, Yoichi (潔 世一)",https://intip.in/RILLJawabanPraktikum3
Saber (セイバー),https://intip.in/RILLJawabanPraktikum3
Kenshirou (ケンシロウ),https://intip.in/RILLJawabanPraktikum3
"Tsuyuri, Kanao (栗花落 カナヲ)",https://intip.in/RILLJawabanPraktikum3
"Otosaka, Yuu (乙坂 有宇)",https://intip.in/RILLJawabanPraktikum3
Hiro (ヒロ),https://intip.in/RILLJawabanPraktikum3
Ray (レイ),https://intip.in/RILLJawabanPraktikum3
"Dragneel, Natsu (ナツ・ドラグニル)",https://intip.in/RILLJawabanPraktikum3
Beatrice (ベアトリス),https://intip.in/RILLJawabanPraktikum3
"Akise, Aru (秋瀬 或)",https://intip.in/RILLJawabanPraktikum3
Guts (ガッツ),https://intip.in/RILLJawabanPraktikum3
Dandy (ダンディ),https://intip.in/RILLJawabanPraktikum3
"Koibuchi, Kuranosuke (鯉淵 蔵之介)",https://intip.in/RILLJawabanPraktikum3
"Hinata, Shouyou (日向 翔陽)",https://intip.in/RILLJawabanPraktikum3
Uta (ウタ),https://intip.in/RILLJawabanPraktikum3
"Son, Gokuu (孫 悟空)",https://intip.in/RILLJawabanPraktikum3
Momonga (モモンガ),https://intip.in/RILLJawabanPraktikum3
"Kuronuma, Sawako (黒沼 爽子)",https://intip.in/RILLJawabanPraktikum3
"Kaminari, Denki (上鳴 電気)",https://intip.in/RILLJawabanPraktikum3
"Mustang, Roy (ロイ・マスタング)",https://intip.in/RILLJawabanPraktikum3
Yui (ユイ),https://intip.in/RILLJawabanPraktikum3
"Joestar, Johnny (ジョニィ・ジョースター)",https://intip.in/RILLJawabanPraktikum3
Kagura (神楽),https://intip.in/RILLJawabanPraktikum3
"Nakahara, Misaki (中原 岬)",https://intip.in/RILLJawabanPraktikum3
Makima (マキマ),https://intip.in/RILLJawabanPraktikum3
"Hyuuga, Hinata (日向 ヒナタ)",https://intip.in/RILLJawabanPraktikum3
"Mankanshoku, Mako (満艦飾 マコ)",https://intip.in/RILLJawabanPraktikum3
Nezumi (ネズミ),https://intip.in/RILLJawabanPraktikum3
"Makishima, Shougo (槙島 聖護)",https://intip.in/RILLJawabanPraktikum3
"Hyuuga, Neji (日向 ネジ)",https://intip.in/RILLJawabanPraktikum3
Meliodas (メリオダス),https://intip.in/RILLJawabanPraktikum3
"Emiya, Shirou (衛宮 士郎)",https://intip.in/RILLJawabanPraktikum3
Nanachi (ナナチ),https://intip.in/RILLJawabanPraktikum3
Albedo (アルベド),https://intip.in/RILLJawabanPraktikum3
Gaara (我愛羅),https://intip.in/RILLJawabanPraktikum3
"de Jarjayes, Oscar François (オスカル・フランソワ・ド・ジャルジェ)",https://intip.in/RILLJawabanPraktikum3
"Hatsuseno, Alpha (初瀬野アルファ)",https://intip.in/RILLJawabanPraktikum3
"Sarashina, Ruka (更科 瑠夏)",https://intip.in/RILLJawabanPraktikum3
"Hiruma, Youichi (蛭魔 妖一)",https://intip.in/RILLJawabanPraktikum3
"Uraraka, Ochako (麗日 お茶子)",https://intip.in/RILLJawabanPraktikum3
"Kanda, Yuu (神田 ユウ)",https://intip.in/RILLJawabanPraktikum3
Hestia (ヘスティア),https://intip.in/RILLJawabanPraktikum3
"Donquixote, Doflamingo (ドンキホーテ・ドフラミンゴ)",https://intip.in/RILLJawabanPraktikum3
"Kurosaki, Ichigo (黒崎 一護)",https://intip.in/RILLJawabanPraktikum3
Piccolo (ピッコロ),https://intip.in/RILLJawabanPraktikum3
"Tsukino, Usagi (月野 うさぎ)",https://intip.in/RILLJawabanPraktikum3
"Yazawa, Niko (矢澤 にこ)",https://intip.in/RILLJawabanPraktikum3
"Nagatoro, Hayase (長瀞 早瀬)",https://intip.in/RILLJawabanPraktikum3
"Oreki, Houtarou (折木 奉太郎)",https://intip.in/RILLJawabanPraktikum3
Madara (斑),https://intip.in/RILLJawabanPraktikum3
Kobayashi (小林さん),https://intip.in/RILLJawabanPraktikum3
"Souma, Yuki (草摩 由希)",https://intip.in/RILLJawabanPraktikum3
"Asuka, Ryou (飛鳥 了)",https://intip.in/RILLJawabanPraktikum3
Sesshoumaru (殺生丸),https://intip.in/RILLJawabanPraktikum3
"Arlert, Armin (アルミン・アルレルト)",https://intip.in/RILLJawabanPraktikum3
"Kotegawa, Yui (古手川 唯)",https://intip.in/RILLJawabanPraktikum3
"Kirishima, Touka (霧嶋 董香)",https://intip.in/RILLJawabanPraktikum3
"Novachrono, Julius (ユリウス・ノヴァクロノ)",https://intip.in/RILLJawabanPraktikum3
Kurapika (クラピカ),https://intip.in/RILLJawabanPraktikum3
"Urameshi, Yuusuke (浦飯 幽助)",https://intip.in/RILLJawabanPraktikum3
"Namikaze, Minato (波風 ミナト)",https://intip.in/RILLJawabanPraktikum3
"Shiina, Mayuri (椎名 まゆり)",https://intip.in/RILLJawabanPraktikum3
"Kasuga, Arata (春日 アラタ)",https://intip.in/RILLJawabanPraktikum3
"Tokuchi, Toua (渡久地 東亜)",https://intip.in/RILLJawabanPraktikum3
"Osana, Najimi (長名 なじみ)",https://intip.in/RILLJawabanPraktikum3
Genos (ジェノス),https://intip.in/RILLJawabanPraktikum3
"Sutcliff, Grell (グレル・サトクリフ)",https://intip.in/RILLJawabanPraktikum3
"Kuroki, Tomoko (黒木 智子)",https://intip.in/RILLJawabanPraktikum3
"Forger, Loid (ロイド・フォージャー)",https://intip.in/RILLJawabanPraktikum3
"Hughes, Maes (マース・ヒューズ)",https://intip.in/RILLJawabanPraktikum3
"Okabe, Rintarou (岡部 倫太郎)",https://intip.in/RILLJawabanPraktikum3
"Miyazono, Kaori (宮園 かをり)",https://intip.in/RILLJawabanPraktikum3
"Armstrong, Olivier Mira (オリヴィエ・ミラ・アームストロング)",https://intip.in/RILLJawabanPraktikum3
"Kaiki, Deishuu (貝木 泥舟)",https://intip.in/RILLJawabanPraktikum3
"Sonoda, Umi (園田 海未)",https://intip.in/RILLJawabanPraktikum3
Black☆Star (ブラック☆スター),https://intip.in/RILLJawabanPraktikum3
"Hikigaya, Hachiman (比企谷 八幡)",https://intip.in/RILLJawabanPraktikum3
"Yoshida, Haru (吉田 春)",https://intip.in/RILLJawabanPraktikum3
"Ooe, Kintarou (大江 錦太郎)",https://intip.in/RILLJawabanPraktikum3
"Nanase, Haruka (七瀬 遙)",https://intip.in/RILLJawabanPraktikum3
"Grimmer, Wolfgang (ヴォルフガンググリマー)",https://intip.in/RILLJawabanPraktikum3
"Komi, Shouko (古見 硝子)",https://intip.in/RILLJawabanPraktikum3
"Testarossa, Fate (フェイト・テスタロッサ)",https://intip.in/RILLJawabanPraktikum3
"Kumagawa, Misogi (球磨川 禊)",https://intip.in/RILLJawabanPraktikum3
Haku (ハク),https://intip.in/RILLJawabanPraktikum3
"Itsuka, Kotori (五河 琴里)",https://intip.in/RILLJawabanPraktikum3
"Baji, Keisuke (場地 圭介)",https://intip.in/RILLJawabanPraktikum3
"Honda, Gorou (茂野 吾郎)",https://intip.in/RILLJawabanPraktikum3
"Hayasaka, Ai (早坂 愛)",https://intip.in/RILLJawabanPraktikum3
"Hoshino, Ruby (星野 瑠美衣)",https://intip.in/RILLJawabanPraktikum3
"Kuran, Kaname (玖蘭 枢)",https://intip.in/RILLJawabanPraktikum3
Kusuriuri (薬売り),https://intip.in/RILLJawabanPraktikum3
"Gouda, Takeo (剛田 猛男)",https://intip.in/RILLJawabanPraktikum3
"Sasaki, Haise (佐々木 琲世)",https://intip.in/RILLJawabanPraktikum3
"Break, Xerxes (ザークシーズ＝ブレイク)",https://intip.in/RILLJawabanPraktikum3
"Kousaka, Reina (高坂 麗奈)",https://intip.in/RILLJawabanPraktikum3
"Takasugi, Shinsuke (高杉 晋助)",https://intip.in/RILLJawabanPraktikum3
"Khun, Aguero Agnes (쿤 아게로 아그니스 / クン・アゲロ・アグネス)",https://intip.in/RILLJawabanPraktikum3
"Shirogane, Miyuki (白銀 御行)",https://intip.in/RILLJawabanPraktikum3
Akashi (明石),https://intip.in/RILLJawabanPraktikum3
"Wolfwood, Nicholas D. (ニコラス・D・ウルフウッド)",https://intip.in/RILLJawabanPraktikum3
Brook (ブルック),https://intip.in/RILLJawabanPraktikum3
"Kurosawa, Kakeru (黒沢翔)",https://intip.in/RILLJawabanPraktikum3
"Aomine, Daiki (青峰 大輝)",https://intip.in/RILLJawabanPraktikum3
San (サン),https://intip.in/RILLJawabanPraktikum3
"Haruno, Sakura (春野 サクラ)",https://intip.in/RILLJawabanPraktikum3
C.C. (シー・ツー),https://intip.in/RILLJawabanPraktikum3
"Voltia, Luck (ラック・ボルディア)",https://intip.in/RILLJawabanPraktikum3
"Inverse, Lina (リナ・インバース)",https://intip.in/RILLJawabanPraktikum3
"Zoë, Hange (ハンジ・ゾエ)",https://intip.in/RILLJawabanPraktikum3
Phil (フィル),https://intip.in/RILLJawabanPraktikum3
"Hatake, Kakashi (はたけ カカシ)",https://intip.in/RILLJawabanPraktikum3
"Jaegerjaquez, Grimmjow (グリムジョー・ジャガージャック)",https://intip.in/RILLJawabanPraktikum3
"Tokoyami, Fumikage (常闇 踏陰)",https://intip.in/RILLJawabanPraktikum3
"Kanoe, Yuuko (庚 夕子)",https://intip.in/RILLJawabanPraktikum3
"Gundou, Misuzu (群堂 みすず)",https://intip.in/RILLJawabanPraktikum3
Ban (バン),https://intip.in/RILLJawabanPraktikum3
Reg (レグ),https://intip.in/RILLJawabanPraktikum3
"Akashi, Seijuurou (赤司 征十郎)",https://intip.in/RILLJawabanPraktikum3
"Oshino, Ougi (忍野 扇)",https://intip.in/RILLJawabanPraktikum3
"Hirako, Shinji (平子 真子)",https://intip.in/RILLJawabanPraktikum3
"Shikimori, Miyako (式守都)",https://intip.in/RILLJawabanPraktikum3
"Kageyama, Shigeo (影山 茂夫)",https://intip.in/RILLJawabanPraktikum3
"Hachikuji, Mayoi (八九寺 真宵)",https://intip.in/RILLJawabanPraktikum3
"Littner, Yoko (ヨーコ・リットナー)",https://intip.in/RILLJawabanPraktikum3
"Tomoe, Mami (巴 マミ)",https://intip.in/RILLJawabanPraktikum3
"Sakurasawa, Sumi (桜沢 墨)",https://intip.in/RILLJawabanPraktikum3
Ginko (ギンコ),https://intip.in/RILLJawabanPraktikum3
Kuroyukihime (黒雪姫),https://intip.in/RILLJawabanPraktikum3
"Xie, Lian (谢 怜)",https://intip.in/RILLJawabanPraktikum3
"Hayakawa, Aki (早川 アキ)",https://intip.in/RILLJawabanPraktikum3
"Tenma White, Gabriel (天真=ガヴリール=ホワイト)",https://intip.in/RILLJawabanPraktikum3
Vivy (ヴィヴィ),https://intip.in/RILLJawabanPraktikum3
"Higurashi, Kagome (日暮 かごめ)",https://intip.in/RILLJawabanPraktikum3
"Sengoku, Nadeko (千石 撫子)",https://intip.in/RILLJawabanPraktikum3
"Oikawa, Tooru (及川 徹)",https://intip.in/RILLJawabanPraktikum3
"Takami, Keigo (鷹見 啓悟)",https://intip.in/RILLJawabanPraktikum3
Franky (フランキー),https://intip.in/RILLJawabanPraktikum3
"Montgomery, Lucy Maud (ルーシー・モード・モンゴメリ)",https://intip.in/RILLJawabanPraktikum3
"Nifuji, Hirotaka (二藤 宏高)",https://intip.in/RILLJawabanPraktikum3
"Hasegawa, Langa (馳河 ランガ)",https://intip.in/RILLJawabanPraktikum3
"Tsushima, Yoshiko (津島 善子)",https://intip.in/RILLJawabanPraktikum3
"Komai, Hasuki (狛井 蓮季)",https://intip.in/RILLJawabanPraktikum3
"Trafalgar, Law (トラファルガー・ロー)",https://intip.in/RILLJawabanPraktikum3
Lavi (ラビ),https://intip.in/RILLJawabanPraktikum3
"Suou, Mikoto (周防 尊)",https://intip.in/RILLJawabanPraktikum3
Akame (アカメ),https://intip.in/RILLJawabanPraktikum3
Yona (ヨナ),https://intip.in/RILLJawabanPraktikum3
"Akagi, Shigeru (赤木しげる)",https://intip.in/RILLJawabanPraktikum3
"Katagiri, Yuuichi (片切 友一)",https://intip.in/RILLJawabanPraktikum3
Alice (アリス),https://intip.in/RILLJawabanPraktikum3
"Shiratori, Aira (白鳥 愛羅)",https://intip.in/RILLJawabanPraktikum3
Ichigo (イチゴ),https://intip.in/RILLJawabanPraktikum3
"Chitanda, Eru (千反田 える)",https://intip.in/RILLJawabanPraktikum3
"Kirigaya, Kazuto (桐ヶ谷 和人)",https://intip.in/RILLJawabanPraktikum3
"Nakamura, Sawa (仲村 佐和)",https://intip.in/RILLJawabanPraktikum3
"Niizuma, Eiji (新妻 エイジ)",https://intip.in/RILLJawabanPraktikum3
"Akemi, Homura (暁美 ほむら)",https://intip.in/RILLJawabanPraktikum3
Sabo (サボ),https://intip.in/RILLJawabanPraktikum3
"Fushiguro, Megumi (伏黒 恵)",https://intip.in/RILLJawabanPraktikum3
Envy (エンヴィー),https://intip.in/RILLJawabanPraktikum3
Lubbock (ラバック),https://intip.in/RILLJawabanPraktikum3
"Sakurajima, Mai (桜島 麻衣)",https://intip.in/RILLJawabanPraktikum3
"Hitsugaya, Toushirou (日番谷 冬獅郎)",https://intip.in/RILLJawabanPraktikum3
"Cheng, Xiaoshi (程 小時)",https://intip.in/RILLJawabanPraktikum3
"Fujiwara, Chika (藤原 千花)",https://intip.in/RILLJawabanPraktikum3
"Claes, Catarina (カタリナ・クラエス)",https://intip.in/RILLJawabanPraktikum3
"Kafuu, Chino (香風 智乃)",https://intip.in/RILLJawabanPraktikum3
"Oumae, Kumiko (黄前 久美子)",https://intip.in/RILLJawabanPraktikum3
"Kitahara, Iori (北原 伊織)",https://intip.in/RILLJawabanPraktikum3
"Nakano, Azusa (中野 梓)",https://intip.in/RILLJawabanPraktikum3
"Nakahara, Chuuya (中原 中也)",https://intip.in/RILLJawabanPraktikum3
"Ryuuguu, Rena (竜宮 レナ)",https://intip.in/RILLJawabanPraktikum3
"Ichinose, Guren (一瀬 グレン)",https://intip.in/RILLJawabanPraktikum3
Gin (ギン),https://intip.in/RILLJawabanPraktikum3
"Kuriyama, Mirai (栗山 未来)",https://intip.in/RILLJawabanPraktikum3
"Kotatsu, Tamaki (環 古達)",https://intip.in/RILLJawabanPraktikum3
Konjiki no Yami (金色の闇),https://intip.in/RILLJawabanPraktikum3
"Shiina, Mashiro (椎名 ましろ)",https://intip.in/RILLJawabanPraktikum3
"Toogata, Mirio (通形 ミリオ)",https://intip.in/RILLJawabanPraktikum3
"Kawamoto, Hinata (川本 ひなた)",https://intip.in/RILLJawabanPraktikum3
"Gojou, Satoru (五条 悟)",https://intip.in/RILLJawabanPraktikum3
Accelerator (一方通行 〈アクセラレータ〉),https://intip.in/RILLJawabanPraktikum3
"Natsume, Takashi (夏目貴志)",https://intip.in/RILLJawabanPraktikum3
"Kagami, Taiga (火神 大我)",https://intip.in/RILLJawabanPraktikum3
Rider (ライダー),https://intip.in/RILLJawabanPraktikum3
"Ueno, Naoka (植野 直花)",https://intip.in/RILLJawabanPraktikum3
"Ayase, Chihaya (綾瀬 千早)",https://intip.in/RILLJawabanPraktikum3
Echidna (エキドナ),https://intip.in/RILLJawabanPraktikum3
"Shinmon, Benimaru (紅丸 新門)",https://intip.in/RILLJawabanPraktikum3
Pikachu (ピカチュウ),https://intip.in/RILLJawabanPraktikum3
Power (パワー),https://intip.in/RILLJawabanPraktikum3
"Ryuuguuji, Ken (龍宮寺 堅)",https://intip.in/RILLJawabanPraktikum3
Tatsu (龍),https://intip.in/RILLJawabanPraktikum3
"Yamaguchi, Tadashi (山口 忠)",https://intip.in/RILLJawabanPraktikum3
Shanks (シャンクス),https://intip.in/RILLJawabanPraktikum3
Crona (クロナ),https://intip.in/RILLJawabanPraktikum3
"Sakata, Gintoki (坂田 銀時)",https://intip.in/RILLJawabanPraktikum3
"Uchiha, Itachi (うちは イタチ)",https://intip.in/RILLJawabanPraktikum3
"Toshinou, Kyouko (歳納 京子)",https://intip.in/RILLJawabanPraktikum3
"Mizunashi, Akari (水無 灯里)",https://intip.in/RILLJawabanPraktikum3
"Kageyama, Tobio (影山 飛雄)",https://intip.in/RILLJawabanPraktikum3
Satou (佐藤),https://intip.in/RILLJawabanPraktikum3
"Takimoto, Hifumi (滝本 ひふみ)",https://intip.in/RILLJawabanPraktikum3
"Haruhara, Haruko (ハルハラ・ハル子)",https://intip.in/RILLJawabanPraktikum3
Eureka (エウレカ),https://intip.in/RILLJawabanPraktikum3
"Rokudou, Mukuro (六道 骸)",https://intip.in/RILLJawabanPraktikum3
Gilgamesh (ギルガメッシュ / アーチャー),https://intip.in/RILLJawabanPraktikum3
"Akashiya, Moka (赤夜 萌香)",https://intip.in/RILLJawabanPraktikum3
"Roronoa, Zoro (ロロノア・ゾロ)",https://intip.in/RILLJawabanPraktikum3
"Yagami, Kazuma (八神 和麻)",https://intip.in/RILLJawabanPraktikum3
"Tokitou, Muichirou (時透 無一郎)",https://intip.in/RILLJawabanPraktikum3
Eugeo (ユージオ),https://intip.in/RILLJawabanPraktikum3
Greed (グリード),https://intip.in/RILLJawabanPraktikum3
Emma (エマ),https://intip.in/RILLJawabanPraktikum3
Pen Pen (ペンペン),https://intip.in/RILLJawabanPraktikum3
"Donquixote, Rosinante (ドンキホーテ・ロシナンテ)",https://intip.in/RILLJawabanPraktikum3
"Gokudera, Hayato (獄寺 隼人)",https://intip.in/RILLJawabanPraktikum3
"Yamada, Ryou (山田 リョウ)",https://intip.in/RILLJawabanPraktikum3
"Mitsuya, Takashi (三ツ谷 隆)",https://intip.in/RILLJawabanPraktikum3
"Kiryuu, Zero (錐生 零)",https://intip.in/RILLJawabanPraktikum3
"Tomori, Nao (友利 奈緒)",https://intip.in/RILLJawabanPraktikum3
"Uchiha, Obito (うちは オビト)",https://intip.in/RILLJawabanPraktikum3
Hyakkimaru (百鬼丸),https://intip.in/RILLJawabanPraktikum3
"Ludenberg, Celestia (セレスティア・ルーデンベルク)",https://intip.in/RILLJawabanPraktikum3
Xin (信),https://intip.in/RILLJawabanPraktikum3
Tanaka (田中),https://intip.in/RILLJawabanPraktikum3
"Shokuhou, Misaki (食蜂 操祈)",https://intip.in/RILLJawabanPraktikum3
"Kusanagi, Motoko (草薙 素子)",https://intip.in/RILLJawabanPraktikum3
"Hiroi, Kikuri (廣井 きくり)",https://intip.in/RILLJawabanPraktikum3
"Chidori, Kaname (千鳥 かなめ)",https://intip.in/RILLJawabanPraktikum3
Kaonashi (カオナシ),https://intip.in/RILLJawabanPraktikum3
"Yonsa, Balsa (バルサ)",https://intip.in/RILLJawabanPraktikum3
"Kamui, Kanna (カンナ・カムイ)",https://intip.in/RILLJawabanPraktikum3
Yuno (ユノ),https://intip.in/RILLJawabanPraktikum3
"Shimura, Shinpachi (志村 新八)",https://intip.in/RILLJawabanPraktikum3
Calcifer (カルシファー),https://intip.in/RILLJawabanPraktikum3
"Aznable, Char (シャア・アズナブル)",https://intip.in/RILLJawabanPraktikum3
"Usami, Akihiko (宇佐見 秋彦)",https://intip.in/RILLJawabanPraktikum3
"Tsukiyomi, Ikuto (月詠 幾斗)",https://intip.in/RILLJawabanPraktikum3
"Sonozaki, Mion (園崎 魅音)",https://intip.in/RILLJawabanPraktikum3
"Uzui, Tengen (宇髄 天元)",https://intip.in/RILLJawabanPraktikum3
Mine (マイン),https://intip.in/RILLJawabanPraktikum3
Chii (ちぃ),https://intip.in/RILLJawabanPraktikum3
"Fujioka, Haruhi (藤岡 ハルヒ)",https://intip.in/RILLJawabanPraktikum3
"Monkey D., Luffy (モンキー・D・ルフィ)",https://intip.in/RILLJawabanPraktikum3
"Edward, Newgate (エドワード・ニューゲート)",https://intip.in/RILLJawabanPraktikum3
"Lupin III, Arsene (ルパン三世)",https://intip.in/RILLJawabanPraktikum3
"Misaka, Mikoto (御坂 美琴)",https://intip.in/RILLJawabanPraktikum3
"Shiraishi, Urara (白石 うらら)",https://intip.in/RILLJawabanPraktikum3
"Hua, Cheng (花 城)",https://intip.in/RILLJawabanPraktikum3
"Takarada, Rikka (宝多 六花)",https://intip.in/RILLJawabanPraktikum3
"Bachira, Meguru (蜂楽 廻)",https://intip.in/RILLJawabanPraktikum3
Totoro (トトロ),https://intip.in/RILLJawabanPraktikum3
"Miyamoto, Musashi (宮本 武蔵)",https://intip.in/RILLJawabanPraktikum3
"Tachibana, Makoto (橘 真琴)",https://intip.in/RILLJawabanPraktikum3
"Kirisu, Mafuyu (桐須 真冬)",https://intip.in/RILLJawabanPraktikum3
"Toujou, Koneko (塔城 小猫)",https://intip.in/RILLJawabanPraktikum3
"Uryuu, Minene (雨流 みねね)",https://intip.in/RILLJawabanPraktikum3
"Okazaki, Shinichi (岡崎 真一)",https://intip.in/RILLJawabanPraktikum3
"Trancy, Alois (アロイス・トランシー)",https://intip.in/RILLJawabanPraktikum3
Gabimaru (画眉丸),https://intip.in/RILLJawabanPraktikum3
"Kida, Masaomi (紀田正臣)",https://intip.in/RILLJawabanPraktikum3
"Forger, Yor (ヨル・フォージャー)",https://intip.in/RILLJawabanPraktikum3
Norman (ノーマン),https://intip.in/RILLJawabanPraktikum3
"Kotomine, Kirei (言峰 綺礼)",https://intip.in/RILLJawabanPraktikum3
"Kasumigaoka, Utaha (霞ヶ丘 詩羽)",https://intip.in/RILLJawabanPraktikum3
Himeno (姫野),https://intip.in/RILLJawabanPraktikum3
Yamato (ヤマト),https://intip.in/RILLJawabanPraktikum3
Garou (ガロウ),https://intip.in/RILLJawabanPraktikum3
Zeref (ゼレフ),https://intip.in/RILLJawabanPraktikum3
Isla (アイラ),https://intip.in/RILLJawabanPraktikum3
Jibril (ジブリール),https://intip.in/RILLJawabanPraktikum3
Suigintou (水銀燈),https://intip.in/RILLJawabanPraktikum3
Siesta (シエスタ),https://intip.in/RILLJawabanPraktikum3
"Kanamori, Sayaka (金森 さやか)",https://intip.in/RILLJawabanPraktikum3
"Dian, Isaac (アイザック・ディアン)",https://intip.in/RILLJawabanPraktikum3
"Shiba, Miyuki (司波 深雪)",https://intip.in/RILLJawabanPraktikum3
"Tsuruga, Ren (敦賀 蓮 / 久遠 ヒズり)",https://intip.in/RILLJawabanPraktikum3
"Senjougahara, Hitagi (戦場ヶ原 ひたぎ)",https://intip.in/RILLJawabanPraktikum3
"Gokou, Ruri (五更 瑠璃)",https://intip.in/RILLJawabanPraktikum3
"Gremory, Rias (リアス・グレモリー)",https://intip.in/RILLJawabanPraktikum3
Shin (心),https://intip.in/RILLJawabanPraktikum3
"Zuberg, Alice (アリス・ツーベルク)",https://intip.in/RILLJawabanPraktikum3
"Shima, Rin (志摩 リン)",https://intip.in/RILLJawabanPraktikum3
Reki (礫),https://intip.in/RILLJawabanPraktikum3
"Miyamizu, Mitsuha (宮水 三葉)",https://intip.in/RILLJawabanPraktikum3
"Jabami, Yumeko (蛇喰 夢子)",https://intip.in/RILLJawabanPraktikum3
"Valentine, Funny (ファニー・ヴァレンタイン)",https://intip.in/RILLJawabanPraktikum3
"Honda, Hanako (本田 華子)",https://intip.in/RILLJawabanPraktikum3
"Toujou, Nozomi (東條 希)",https://intip.in/RILLJawabanPraktikum3
"Kurokawa, Akane (黒川 あかね)",https://intip.in/RILLJawabanPraktikum3
"Inumaki, Toge (狗巻 棘)",https://intip.in/RILLJawabanPraktikum3
"Fuwa, Aika (不破 愛花)",https://intip.in/RILLJawabanPraktikum3
"Kozume, Kenma (孤爪 研磨)",https://intip.in/RILLJawabanPraktikum3
"Higashiyama, Kobeni (東山 コベニ)",https://intip.in/RILLJawabanPraktikum3
"Ye, Xiu (叶 修)",https://intip.in/RILLJawabanPraktikum3
"Handa, Sei (半田 清舟)",https://intip.in/RILLJawabanPraktikum3
"Koizumi, Risa (小泉リサ)",https://intip.in/RILLJawabanPraktikum3
Fushi (不死 (フシ)),https://intip.in/RILLJawabanPraktikum3
Ashitaka (アシタカ),https://intip.in/RILLJawabanPraktikum3
"Takasu, Ryuuji (高須 竜児)",https://intip.in/RILLJawabanPraktikum3
"de Blois, Victorique (ヴィクトリカ・ド・ブロワ)",https://intip.in/RILLJawabanPraktikum3
"Miya, Atsumu (宮 侑)",https://intip.in/RILLJawabanPraktikum3
"Mayer, Re-l (リル・メイヤー)",https://intip.in/RILLJawabanPraktikum3
"Nouzen, Shinei (シンエイ・ノウゼン)",https://intip.in/RILLJawabanPraktikum3
"Miyauchi, Renge (宮内 れんげ)",https://intip.in/RILLJawabanPraktikum3
"Midorikawa, Hana (緑川 花)",https://intip.in/RILLJawabanPraktikum3
"Edogawa, Ranpo (江戸川 乱歩)",https://intip.in/RILLJawabanPraktikum3
Inuyasha (犬夜叉),https://intip.in/RILLJawabanPraktikum3
"Kuchiki, Byakuya (朽木 白哉)",https://intip.in/RILLJawabanPraktikum3
"Sagara, Sousuke (相良 宗介)",https://intip.in/RILLJawabanPraktikum3
"Uchiha, Shisui (うちは シスイ)",https://intip.in/RILLJawabanPraktikum3
"Flourite, Fai D. (ファイ・D・フローライト)",https://intip.in/RILLJawabanPraktikum3
"Ayanokouji, Kiyotaka (綾小路 清隆)",https://intip.in/RILLJawabanPraktikum3
"Hellscythe, Eucliwood (ユークリウッド・ヘルサイズ)",https://intip.in/RILLJawabanPraktikum3
"Inoue, Orihime (井上 織姫)",https://intip.in/RILLJawabanPraktikum3
"Might, Guy (マイト・ガイ)",https://intip.in/RILLJawabanPraktikum3
Legoshi (レゴシ),https://intip.in/RILLJawabanPraktikum3
"Saiki, Kusuo (斉木 楠雄)",https://intip.in/RILLJawabanPraktikum3
"Kaname, Madoka (鹿目 まどか)",https://intip.in/RILLJawabanPraktikum3
Filo (フィーロ),https://intip.in/RILLJawabanPraktikum3
"Reigen, Arataka (霊幻 新隆)",https://intip.in/RILLJawabanPraktikum3
"Hoshino, Aquamarine (星野 愛久愛海)",https://intip.in/RILLJawabanPraktikum3
"Ghirga, Narancia (ナランチャ・ギルガ)",https://intip.in/RILLJawabanPraktikum3
"Nagi, Seishirou (凪 誠士郎)",https://intip.in/RILLJawabanPraktikum3
Yoshino (四糸乃),https://intip.in/RILLJawabanPraktikum3
Decim (デキム),https://intip.in/RILLJawabanPraktikum3
"Ichihara, Yuuko (壱原侑子)",https://intip.in/RILLJawabanPraktikum3
"Koga, Tomoe (古賀 朋絵)",https://intip.in/RILLJawabanPraktikum3
"Akabane, Karma (赤羽 業)",https://intip.in/RILLJawabanPraktikum3
Dante (ダンテ),https://intip.in/RILLJawabanPraktikum3
"Kazami, Yuuji (風見 雄二)",https://intip.in/RILLJawabanPraktikum3
"Kurono, Kei (玄野 計)",https://intip.in/RILLJawabanPraktikum3
"Lockser, Juvia (ジュビア・ロクサー)",https://intip.in/RILLJawabanPraktikum3
"Kagari, Atsuko (アツコ・カガリ)",https://intip.in/RILLJawabanPraktikum3
Nine (ナイン（九重 新）),https://intip.in/RILLJawabanPraktikum3
Goblin Slayer (ゴブリンスレイヤー),https://intip.in/RILLJawabanPraktikum3
"Nanami, Mami (七海 麻美)",https://intip.in/RILLJawabanPraktikum3
Casca (キャスカ),https://intip.in/RILLJawabanPraktikum3
Deidara (デイダラ),https://intip.in/RILLJawabanPraktikum3
"Yamada Asaemon, Sagiri (山田浅ェ門 佐切)",https://intip.in/RILLJawabanPraktikum3
"Kurose, Maria (黒瀬 海愛)",https://intip.in/RILLJawabanPraktikum3
"Izumi, Konata (泉こなた)",https://intip.in/RILLJawabanPraktikum3
"Lenz, Krista (クリスタ・レンズ)",https://intip.in/RILLJawabanPraktikum3
"Scarlet, Erza (エルザ・スカーレット)",https://intip.in/RILLJawabanPraktikum3
"Sturluson, Celty (セルティ・ストゥルルソン)",https://intip.in/RILLJawabanPraktikum3
"Shirasaki, Kaori (白崎 香織)",https://intip.in/RILLJawabanPraktikum3
"Bloodfallen, Shalltear (シャルティア・ブラッドフォールン)",https://intip.in/RILLJawabanPraktikum3
"Kukumila, Kurena (クレナ・ククミラ)",https://intip.in/RILLJawabanPraktikum3
Asta (アスタ),https://intip.in/RILLJawabanPraktikum3
"Hekmatyar, Koko (ココ・ヘクマティアル)",https://intip.in/RILLJawabanPraktikum3
"Kugisaki, Nobara (釘崎 野薔薇)",https://intip.in/RILLJawabanPraktikum3
"Yamato, Kira (キラ・ヤマト)",https://intip.in/RILLJawabanPraktikum3
"Nandaba, Naota (ナンダバ・ナオ太)",https://intip.in/RILLJawabanPraktikum3
YoRHa 2-gou B-gata (ヨルハ2号B型),https://intip.in/RILLJawabanPraktikum3
"Kuchiki, Rukia (朽木 ルキア)",https://intip.in/RILLJawabanPraktikum3
"Kyouraku, Jirou Souzousuke Shunsui (京楽 次郎 総蔵佐 春水)",https://intip.in/RILLJawabanPraktikum3
"Kira, Yoshikage (吉良 吉影)",https://intip.in/RILLJawabanPraktikum3
"Keehl, Mihael (ミハエル・ケール)",https://intip.in/RILLJawabanPraktikum3
"Kakyouin, Noriaki (花京院 典明)",https://intip.in/RILLJawabanPraktikum3
Elaina (イレイナ),https://intip.in/RILLJawabanPraktikum3
Bishamon (毘沙門),https://intip.in/RILLJawabanPraktikum3
"Toudou, Aoi (東堂 葵)",https://intip.in/RILLJawabanPraktikum3
"Sakura, Kyouko (佐倉 杏子)",https://intip.in/RILLJawabanPraktikum3
"Hiratsuka, Shizuka (平塚 静)",https://intip.in/RILLJawabanPraktikum3
"Yao, Ling (リン・ヤオ)",https://intip.in/RILLJawabanPraktikum3
"Yasuri, Shichika (鑢 七花)",https://intip.in/RILLJawabanPraktikum3
The Count of Monte Cristo (モンテ・クリスト伯爵),https://intip.in/RILLJawabanPraktikum3
Kurama (蔵馬),https://intip.in/RILLJawabanPraktikum3
Neferpitou (ネフェルピトー ),https://intip.in/RILLJawabanPraktikum3
Nikaidou (二階堂),https://intip.in/RILLJawabanPraktikum3
"Tenjou, Utena (天上 ウテナ)",https://intip.in/RILLJawabanPraktikum3
"Mishima, Hitomi (三嶋 瞳)",https://intip.in/RILLJawabanPraktikum3
Black★Rock Shooter (ブラック★ロックシューター),https://intip.in/RILLJawabanPraktikum3
"Kashiwazaki, Sena (柏崎 星奈)",https://intip.in/RILLJawabanPraktikum3
"Hatsune, Miku (初音 ミク)",https://intip.in/RILLJawabanPraktikum3
"Watanuki, Kimihiro (四月一日 君尋)",https://intip.in/RILLJawabanPraktikum3
"Yamada, Anna (山田 杏奈)",https://intip.in/RILLJawabanPraktikum3
"Heiwajima, Shizuo (平和島 静雄)",https://intip.in/RILLJawabanPraktikum3
"Dustiness Ford, Lalatina (ダスティネス・フォード・ララティーナ / ダクネス)",https://intip.in/RILLJawabanPraktikum3
"Akai, Shuuichi (赤井 秀一)",https://intip.in/RILLJawabanPraktikum3
"Arima, Kana (有馬 かな)",https://intip.in/RILLJawabanPraktikum3
"Kaiba, Seto (海馬 瀬人)",https://intip.in/RILLJawabanPraktikum3
"Hasegawa, Taizou (長谷川 泰三)",https://intip.in/RILLJawabanPraktikum3
"Hanekawa, Tsubasa (羽川 翼)",https://intip.in/RILLJawabanPraktikum3
"Nakano, Miku (中野 三玖)",https://intip.in/RILLJawabanPraktikum3
"Sugawara, Koushi (菅原 孝支)",https://intip.in/RILLJawabanPraktikum3
Levi (リヴァイ),https://intip.in/RILLJawabanPraktikum3
"Heartfilia, Lucy (ルーシィ・ハートフィリア)",https://intip.in/RILLJawabanPraktikum3
"Souma, Shigure (草摩 紫呉)",https://intip.in/RILLJawabanPraktikum3
"Matou, Sakura (間桐 桜)",https://intip.in/RILLJawabanPraktikum3
"Chouno, Hina (蝶野 雛)",https://intip.in/RILLJawabanPraktikum3
"Katsura, Hinagiku (桂ヒナギク)",https://intip.in/RILLJawabanPraktikum3
"Braun, Reiner (ライナー・ブラウン)",https://intip.in/RILLJawabanPraktikum3
"Satou, Kazuma (佐藤 和真)",https://intip.in/RILLJawabanPraktikum3
"Oshino, Shinobu (忍野 忍)",https://intip.in/RILLJawabanPraktikum3
"Kanroji, Mitsuri (甘露寺 蜜璃)",https://intip.in/RILLJawabanPraktikum3
"Tsukishima, Kei (月島 蛍)",https://intip.in/RILLJawabanPraktikum3
"Valentine, Faye (フェイ・バレンタイン)",https://intip.in/RILLJawabanPraktikum3
Migi (ミギー),https://intip.in/RILLJawabanPraktikum3
"Kirigiri, Kyouko (霧切 響子)",https://intip.in/RILLJawabanPraktikum3
Koro-sensei (殺せんせー),https://intip.in/RILLJawabanPraktikum3
"Jin, Mo-Ri (진 모리)",https://intip.in/RILLJawabanPraktikum3
"Oda, Sakunosuke (織田 作之助)",https://intip.in/RILLJawabanPraktikum3
"Uzumaki, Boruto (うずまき ボルト)",https://intip.in/RILLJawabanPraktikum3
"Hiiragi, Kagami (柊かがみ)",https://intip.in/RILLJawabanPraktikum3
"Kim, Dokja (김 독자)",https://intip.in/RILLJawabanPraktikum3
Twelve (ツエルブ（久見 冬二）),https://intip.in/RILLJawabanPraktikum3
"Sawada, Tsunayoshi (沢田 綱吉)",https://intip.in/RILLJawabanPraktikum3
"Freecss, Gon (ゴン＝フリークス)",https://intip.in/RILLJawabanPraktikum3
"Kuroko, Tetsuya (黒子 テツヤ)",https://intip.in/RILLJawabanPraktikum3
"Shiba, Tatsuya (司波 達也)",https://intip.in/RILLJawabanPraktikum3
"Iino, Miko (伊井野 ミコ)",https://intip.in/RILLJawabanPraktikum3
"Son, Hak (ソン・ハク)",https://intip.in/RILLJawabanPraktikum3
Escanor (エスカノール),https://intip.in/RILLJawabanPraktikum3
"Zoldyck, Illumi (イルミ＝ゾルディック)",https://intip.in/RILLJawabanPraktikum3
"Liebert, Johan (ヨハン・リーベルト)",https://intip.in/RILLJawabanPraktikum3
"Redfox, Gajeel (ガジル・レッドフォックス)",https://intip.in/RILLJawabanPraktikum3
"Finger, Pieck (ピーク・フィンガー)",https://intip.in/RILLJawabanPraktikum3
"Matoi, Ryuuko (纏 流子)",https://intip.in/RILLJawabanPraktikum3
Jiraiya (自来也),https://intip.in/RILLJawabanPraktikum3
"Gojou, Wakana (五条 新菜)",https://intip.in/RILLJawabanPraktikum3
"Hiraga, Saito (平賀 才人)",https://intip.in/RILLJawabanPraktikum3
"Ononoki, Yotsugi (斧乃木 余接)",https://intip.in/RILLJawabanPraktikum3
"Joestar, Jonathan (ジョナサン・ジョースター)",https://intip.in/RILLJawabanPraktikum3
"Yasuraoka, Hanabi (安楽岡 花火)",https://intip.in/RILLJawabanPraktikum3
Esdeath (エスデス),https://intip.in/RILLJawabanPraktikum3
"Sawabe, Tsubaki (澤部 椿)",https://intip.in/RILLJawabanPraktikum3
"Uzumaki, Naruto (うずまき ナルト)",https://intip.in/RILLJawabanPraktikum3
"Ryoumen, Sukuna (両面 宿儺)",https://intip.in/RILLJawabanPraktikum3
"Toosaka, Rin (遠坂 凛)",https://intip.in/RILLJawabanPraktikum3
"Malandro, Michiko (ミチコ・マランドロ)",https://intip.in/RILLJawabanPraktikum3
"Matsuoka, Rin (松岡 凛)",https://intip.in/RILLJawabanPraktikum3
Cadis Etrama Di Raizel (카디스 에트라마 디 라이제르 / カディス・エトラマ・デ・ライジェル),https://intip.in/RILLJawabanPraktikum3
"Mitaka, Asa (三鷹 アサ)",https://intip.in/RILLJawabanPraktikum3
"Mashima, Taichi (真島 太一)",https://intip.in/RILLJawabanPraktikum3
Nero (黒ネロ),https://intip.in/RILLJawabanPraktikum3
"Ouma, Shuu (桜満 集)",https://intip.in/RILLJawabanPraktikum3
"Lee, Rock (ロック・リー)",https://intip.in/RILLJawabanPraktikum3
"Tabata, Hidenori (田畑 ヒデノリ)",https://intip.in/RILLJawabanPraktikum3
"Souma, Hatsuharu (草摩 潑春)",https://intip.in/RILLJawabanPraktikum3
"Hyakuya, Mikaela (百夜 ミカエラ)",https://intip.in/RILLJawabanPraktikum3
"Takanashi, Rikka (小鳥遊 六花)",https://intip.in/RILLJawabanPraktikum3
"Kougami, Shinya (狡噛 慎也)",https://intip.in/RILLJawabanPraktikum3
"Adagaki, Aki (安達垣 愛姫)",https://intip.in/RILLJawabanPraktikum3
"Koiwai, Yotsuba (小岩井 四葉)",https://intip.in/RILLJawabanPraktikum3
Nyaruko (ニャル子),https://intip.in/RILLJawabanPraktikum3
"Miketsukami, Soushi (御狐神双熾)",https://intip.in/RILLJawabanPraktikum3
"Voldigoad, Anos (アノス・ヴォルディゴード)",https://intip.in/RILLJawabanPraktikum3
"Brando, Dio (ディオ・ブランドー)",https://intip.in/RILLJawabanPraktikum3
"Fushiguro, Touji (伏黒 甚爾)",https://intip.in/RILLJawabanPraktikum3
"Himura, Kenshin (緋村 剣心)",https://intip.in/RILLJawabanPraktikum3
"Hawkeye, Riza (リザ・ホークアイ)",https://intip.in/RILLJawabanPraktikum3
"Rockbell, Winry (ウィンリィ・ロックベル)",https://intip.in/RILLJawabanPraktikum3
"Komaeda, Nagito (狛枝 凪斗)",https://intip.in/RILLJawabanPraktikum3
Haji (ハジ),https://intip.in/RILLJawabanPraktikum3
"Bradley, King (キング・ブラッドレイ)",https://intip.in/RILLJawabanPraktikum3
Chousou (脹相),https://intip.in/RILLJawabanPraktikum3
"Kuujou, Jolyne (空条 徐倫)",https://intip.in/RILLJawabanPraktikum3
"Yang, Wen-li (ヤン・ウェンリー)",https://intip.in/RILLJawabanPraktikum3
"Aihara, Yuzu (藍原 柚子)",https://intip.in/RILLJawabanPraktikum3
"Noda, Megumi (野田恵)",https://intip.in/RILLJawabanPraktikum3
"Tu Oderschvank, Nelliel (ネリエル・トゥ・オーデルシュヴァンク)",https://intip.in/RILLJawabanPraktikum3
"Agatsuma, Zenitsu (我妻 善逸)",https://intip.in/RILLJawabanPraktikum3
"Ichimaru, Gin (市丸 ギン)",https://intip.in/RILLJawabanPraktikum3
Gally (ガリィ),https://intip.in/RILLJawabanPraktikum3
"Greyrat, Rudeus (ルーデウス・グレイラット)",https://intip.in/RILLJawabanPraktikum3
"Itadori, Yuuji (虎杖 悠仁)",https://intip.in/RILLJawabanPraktikum3
"Sakurazaka, Shiori (桜坂 詩織)",https://intip.in/RILLJawabanPraktikum3
"Yuurakutei, Yakumo (八代目 有楽亭 八雲)",https://intip.in/RILLJawabanPraktikum3
"Tadano, Hitohito (只野 仁人)",https://intip.in/RILLJawabanPraktikum3
"Azazel, Amelie (アザゼル・アメリ)",https://intip.in/RILLJawabanPraktikum3
Noi (能井),https://intip.in/RILLJawabanPraktikum3
"Sano, Manjirou (佐野 万次郎)",https://intip.in/RILLJawabanPraktikum3
"Mogami, Kyouko (最上 キョーコ)",https://intip.in/RILLJawabanPraktikum3
Meruem (メルエム),https://intip.in/RILLJawabanPraktikum3
Griffith (グリフィス),https://intip.in/RILLJawabanPraktikum3
"Morokuzu, Takehito (諸葛 岳人)",https://intip.in/RILLJawabanPraktikum3
"Sakamaki, Izayoi (逆廻 十六夜)",https://intip.in/RILLJawabanPraktikum3
"Urahara, Kisuke (浦原 喜助)",https://intip.in/RILLJawabanPraktikum3
"Seiei, Setsuna F. (刹那・F・セイエイ)",https://intip.in/RILLJawabanPraktikum3
Tomoe (巴衛),https://intip.in/RILLJawabanPraktikum3
Senko (仙狐),https://intip.in/RILLJawabanPraktikum3
Leone (レオーネ),https://intip.in/RILLJawabanPraktikum3
"Harima, Kenji (播磨 拳児)",https://intip.in/RILLJawabanPraktikum3
"Vermillion, Stella (ステラ・ヴァーミリオン)",https://intip.in/RILLJawabanPraktikum3
"Todoroki, Shouto (轟 焦凍)",https://intip.in/RILLJawabanPraktikum3
"Zaraki, Kenpachi (更木 剣八)",https://intip.in/RILLJawabanPraktikum3
"Tomioka, Giyuu (冨岡 義勇)",https://intip.in/RILLJawabanPraktikum3
"Tachibana, Kanade (立華 かなで / 天使)",https://intip.in/RILLJawabanPraktikum3
"Edogawa, Conan (江戸川 コナン)",https://intip.in/RILLJawabanPraktikum3
"Nava, Milim (ミリム・ナーヴァ)",https://intip.in/RILLJawabanPraktikum3
"Charlotte, Katakuri (シャーロット・カタクリ)",https://intip.in/RILLJawabanPraktikum3
"Mikoshiba, Mikoto (御子柴 実琴)",https://intip.in/RILLJawabanPraktikum3
"Haibara, Ai (灰原 哀)",https://intip.in/RILLJawabanPraktikum3
"Araragi, Koyomi (阿良々木 暦)",https://intip.in/RILLJawabanPraktikum3
"Sonozaki, Shion (園崎 詩音)",https://intip.in/RILLJawabanPraktikum3
"Portor, Feitan (フェイタン＝ポートオ)",https://intip.in/RILLJawabanPraktikum3
"Kousaka, Kirino (高坂 桐乃)",https://intip.in/RILLJawabanPraktikum3
"Kaizaki, Arata (海崎 新太)",https://intip.in/RILLJawabanPraktikum3
"Kuroo, Tetsurou (黒尾 鉄朗)",https://intip.in/RILLJawabanPraktikum3
Thorkell (トルケル),https://intip.in/RILLJawabanPraktikum3
Future Trunks (未来のトランクス),https://intip.in/RILLJawabanPraktikum3
"James Moriarty, William (ウィリアム・ジェームズ・モリアーティ)",https://intip.in/RILLJawabanPraktikum3
"Nakamura, Yuri (仲村 ゆり)",https://intip.in/RILLJawabanPraktikum3
"Brunestud, Arcueid (アルクェイド・ブリュンスタッド)",https://intip.in/RILLJawabanPraktikum3
"Usui, Takumi (碓氷 拓海)",https://intip.in/RILLJawabanPraktikum3
Teresa (テレサ),https://intip.in/RILLJawabanPraktikum3
"Shiota, Nagisa (潮田 渚)",https://intip.in/RILLJawabanPraktikum3
"Smith, Erwin (エルヴィン・スミス)",https://intip.in/RILLJawabanPraktikum3
"Kitagawa, Marin (喜多川 海夢)",https://intip.in/RILLJawabanPraktikum3
"Son, Gohan (孫 悟飯)",https://intip.in/RILLJawabanPraktikum3
"Miyuki, Kazuya (御幸 一也)",https://intip.in/RILLJawabanPraktikum3
"Teppelin, Nia (ニア・テッペリン)",https://intip.in/RILLJawabanPraktikum3
"Sakuragi, Rokurouta (桜木 六郎太)",https://intip.in/RILLJawabanPraktikum3
Usopp (ウソップ),https://intip.in/RILLJawabanPraktikum3
"Inaba, Himeko (稲葉 姫子)",https://intip.in/RILLJawabanPraktikum3
Sanji (サンジ),https://intip.in/RILLJawabanPraktikum3
"Kurosaki, Tasuku (黒崎 祐)",https://intip.in/RILLJawabanPraktikum3
"Nanami, Chiaki (七海 千秋)",https://intip.in/RILLJawabanPraktikum3
"Hashibira, Inosuke (嘴平 伊之助)",https://intip.in/RILLJawabanPraktikum3
"Mista, Guido (グイード・ミスタ)",https://intip.in/RILLJawabanPraktikum3
"Iwatani, Naofumi (岩谷 尚文)",https://intip.in/RILLJawabanPraktikum3
"Sasaki, Kojirou (佐々木 小次郎)",https://intip.in/RILLJawabanPraktikum3
"Walker, Allen (アレン・ウォーカー)",https://intip.in/RILLJawabanPraktikum3
"Hyoudou, Issei (兵藤一誠)",https://intip.in/RILLJawabanPraktikum3
"Furuhashi, Fumino (古橋 文乃)",https://intip.in/RILLJawabanPraktikum3
"Orihara, Izaya (折原 臨也)",https://intip.in/RILLJawabanPraktikum3
Simon (シモン),https://intip.in/RILLJawabanPraktikum3
"Sakura, Chiyo (佐倉 千代)",https://intip.in/RILLJawabanPraktikum3
"Kousaka, Honoka (高坂 穂乃果)",https://intip.in/RILLJawabanPraktikum3
"Jakuzure, Nonon (蛇崩 乃音)",https://intip.in/RILLJawabanPraktikum3
Yukine (雪音),https://intip.in/RILLJawabanPraktikum3
"Nishikino, Maki (西木野 真姫)",https://intip.in/RILLJawabanPraktikum3
"Nakano, Itsuki (中野 五月)",https://intip.in/RILLJawabanPraktikum3
"Maou, Sadao (真奥 貞夫 / サタン・ジャコブ)",https://intip.in/RILLJawabanPraktikum3
"Ikishima, Midari (生志摩 妄)",https://intip.in/RILLJawabanPraktikum3
"Onodera, Kosaki (小野寺 小咲)",https://intip.in/RILLJawabanPraktikum3
Reze (レゼ),https://intip.in/RILLJawabanPraktikum3
"Morinome, Shinako (森ノ目 榀子)",https://intip.in/RILLJawabanPraktikum3
"Sugimoto, Saichi (杉元 佐一)",https://intip.in/RILLJawabanPraktikum3
"Kajou, Ayame (華城 綾女)",https://intip.in/RILLJawabanPraktikum3
"Nakajima, Atsushi (中島 敦)",https://intip.in/RILLJawabanPraktikum3
"Akutagawa, Ryuunosuke (芥川 龍之介)",https://intip.in/RILLJawabanPraktikum3
"Yukinoshita, Yukino (雪ノ下 雪乃)",https://intip.in/RILLJawabanPraktikum3
"Stanfield, Claire (クレア・スタンフィールド)",https://intip.in/RILLJawabanPraktikum3
"Furukawa, Nagisa (古河 渚)",https://intip.in/RILLJawabanPraktikum3
"Koito, Yuu (小糸 侑)",https://intip.in/RILLJawabanPraktikum3
"Yagami, Light (夜神 月)",https://intip.in/RILLJawabanPraktikum3
Kamui (神威),https://intip.in/RILLJawabanPraktikum3
"Bokuto, Koutarou (木兎 光太郎)",https://intip.in/RILLJawabanPraktikum3
"Tainaka, Ritsu (田井中 律)",https://intip.in/RILLJawabanPraktikum3
"Nakiri, Alice (薙切 アリス)",https://intip.in/RILLJawabanPraktikum3
"Yabuki, Joe (矢吹 丈)",https://intip.in/RILLJawabanPraktikum3
"Yuzaki, Tsukasa (由崎 司)",https://intip.in/RILLJawabanPraktikum3
"Kiriyama, Rei (桐山 零)",https://intip.in/RILLJawabanPraktikum3
Nami (ナミ),https://intip.in/RILLJawabanPraktikum3
Fern (フェルン),https://intip.in/RILLJawabanPraktikum3
"Tokisaki, Kurumi (時崎 狂三)",https://intip.in/RILLJawabanPraktikum3
"Iki, Hiyori (壱岐 ひより)",https://intip.in/RILLJawabanPraktikum3
Aka no Saber (赤のセイバー),https://intip.in/RILLJawabanPraktikum3
"Watanabe, Akari (渡辺 星)",https://intip.in/RILLJawabanPraktikum3
Miia (ミーア),https://intip.in/RILLJawabanPraktikum3
"Kaidou, Shun (海藤 瞬)",https://intip.in/RILLJawabanPraktikum3
"Wistalia, Zen (ゼン・ウィスタリア)",https://intip.in/RILLJawabanPraktikum3
"Tachibana, Taki (立花 瀧)",https://intip.in/RILLJawabanPraktikum3
"Lion, Ryuu (リュー・リオン)",https://intip.in/RILLJawabanPraktikum3
"Asada, Shino (朝田 詩乃)",https://intip.in/RILLJawabanPraktikum3
"Black, Jet (ジェット・ブラック)",https://intip.in/RILLJawabanPraktikum3
"Katsuragi, Keima (桂木 桂馬)",https://intip.in/RILLJawabanPraktikum3
"Kushieda, Minori (櫛枝 実乃梨)",https://intip.in/RILLJawabanPraktikum3
"Tobiichi, Origami (鳶一 折紙)",https://intip.in/RILLJawabanPraktikum3
"Shigaraki, Tomura (死柄木 弔)",https://intip.in/RILLJawabanPraktikum3
"Leonhart, Annie (アニ・レオンハート)",https://intip.in/RILLJawabanPraktikum3
Angel Devil (天使の悪魔),https://intip.in/RILLJawabanPraktikum3
"Ayuzawa, Misaki (鮎沢 美咲)",https://intip.in/RILLJawabanPraktikum3
"Hanma, Baki (範馬 刃牙)",https://intip.in/RILLJawabanPraktikum3
"Greyrat, Eris Boreas (エリス・ボレアス・グレイラット)",https://intip.in/RILLJawabanPraktikum3
"Tony Tony, Chopper (トニートニー・チョッパー)",https://intip.in/RILLJawabanPraktikum3
"Nagachika, Hideyoshi (永近 英良)",https://intip.in/RILLJawabanPraktikum3
"Enma, Ai (閻魔 あい)",https://intip.in/RILLJawabanPraktikum3
Yue (ユエ),https://intip.in/RILLJawabanPraktikum3
"Bakugou, Katsuki (爆豪 勝己)",https://intip.in/RILLJawabanPraktikum3
"Wong, Shorter (ショーター・ウォン)",https://intip.in/RILLJawabanPraktikum3
"Fujinuma, Satoru (藤沼 悟)",https://intip.in/RILLJawabanPraktikum3
"Boyle, Arthur (アーサー・ボイル)",https://intip.in/RILLJawabanPraktikum3
Revy (レヴィ),https://intip.in/RILLJawabanPraktikum3
"Nanjou, Sachi (南条 幸)",https://intip.in/RILLJawabanPraktikum3
"Fibel, Sistine (システィーナ=フィーベル)",https://intip.in/RILLJawabanPraktikum3
"Ibuki, Fuuko (伊吹 風子)",https://intip.in/RILLJawabanPraktikum3
"Amane, Suzuha (阿万音 鈴羽)",https://intip.in/RILLJawabanPraktikum3
"Brown, Nicolas (ニコラス・ブラウン)",https://intip.in/RILLJawabanPraktikum3
"Nakahara, Sunako (中原 スナコ)",https://intip.in/RILLJawabanPraktikum3
Bojji (ボッジ),https://intip.in/RILLJawabanPraktikum3
Reborn (リボーン),https://intip.in/RILLJawabanPraktikum3
Ryuk (リューク),https://intip.in/RILLJawabanPraktikum3
"Hishiro, Chizuru (日代 千鶴)",https://intip.in/RILLJawabanPraktikum3
"Kamijou, Touma (上条 当麻)",https://intip.in/RILLJawabanPraktikum3
Megumin (めぐみん),https://intip.in/RILLJawabanPraktikum3
"Akaza, Akari (赤座 あかり)",https://intip.in/RILLJawabanPraktikum3
"Shinonome, Hakase (はかせ)",https://intip.in/RILLJawabanPraktikum3
"Lunge, Heinrich (ハインリッヒ・ルンゲ)",https://intip.in/RILLJawabanPraktikum3
Howl (ハウル),https://intip.in/RILLJawabanPraktikum3
"Cifer, Ulquiorra (ウルキオラ・シファ)",https://intip.in/RILLJawabanPraktikum3
"Ishida, Shouya (石田 将也)",https://intip.in/RILLJawabanPraktikum3
"Kobayashi, Rindou (小林 竜胆)",https://intip.in/RILLJawabanPraktikum3
"Lawliet, L (エル ローライト)",https://intip.in/RILLJawabanPraktikum3
"Nakano, Ichika (中野 一花)",https://intip.in/RILLJawabanPraktikum3
"Miki, Sayaka (美樹 さやか)",https://intip.in/RILLJawabanPraktikum3
Kuro no Rider (黒のライダー),https://intip.in/RILLJawabanPraktikum3
Askeladd (アシェラッド),https://intip.in/RILLJawabanPraktikum3
"von Einzbern, Illyasviel (イリヤスフィール・フォン・アインツベルン)",https://intip.in/RILLJawabanPraktikum3
"Kanbe, Daisuke (神戸 大助)",https://intip.in/RILLJawabanPraktikum3
Viral (ヴィラル),https://intip.in/RILLJawabanPraktikum3
"Kirstein, Jean (ジャン・キルシュタイン)",https://intip.in/RILLJawabanPraktikum3
"Ainsworth, Elias (エリアス・エインズワーズ)",https://intip.in/RILLJawabanPraktikum3
"Tanaka, Aiko (田中 愛子)",https://intip.in/RILLJawabanPraktikum3
Orochimaru (大蛇丸),https://intip.in/RILLJawabanPraktikum3
"Fujiwara, Takumi (藤原 拓海)",https://intip.in/RILLJawabanPraktikum3
"Shinomiya, Kaguya (四宮 かぐや)",https://intip.in/RILLJawabanPraktikum3
"Nanami, Kento (七海 建人)",https://intip.in/RILLJawabanPraktikum3
"Natsuki, Subaru (ナツキ・スバル)",https://intip.in/RILLJawabanPraktikum3
"Martinez, David (デイビッド・マルティネス)",https://intip.in/RILLJawabanPraktikum3
Undertaker (葬儀屋（アンダーテイカー）),https://intip.in/RILLJawabanPraktikum3
"Akaashi, Keiji (赤葦 京治)",https://intip.in/RILLJawabanPraktikum3
"Okazaki, Ushio (岡崎 汐)",https://intip.in/RILLJawabanPraktikum3
"Hibari, Kyouya (雲雀 恭弥)",https://intip.in/RILLJawabanPraktikum3
Chelsea (チェルシー),https://intip.in/RILLJawabanPraktikum3
Bentham (ベンサム),https://intip.in/RILLJawabanPraktikum3
Shana (シャナ),https://intip.in/RILLJawabanPraktikum3
"Takamura, Mamoru (鷹村 守)",https://intip.in/RILLJawabanPraktikum3
"Dazai, Osamu (太宰 治)",https://intip.in/RILLJawabanPraktikum3
"Kasuga, Ayumu (春日 歩)",https://intip.in/RILLJawabanPraktikum3
"Abarai, Renji (阿散井 恋次)",https://intip.in/RILLJawabanPraktikum3
Rebecca (レベッカ),https://intip.in/RILLJawabanPraktikum3
Pino (ピノ),https://intip.in/RILLJawabanPraktikum3
Holo (ホロ),https://intip.in/RILLJawabanPraktikum3
"Lucilfer, Chrollo (クロロ＝ルシルフル)",https://intip.in/RILLJawabanPraktikum3
Clare (クレア),https://intip.in/RILLJawabanPraktikum3
"Joestar, Joseph (ジョセフ・ジョースター)",https://intip.in/RILLJawabanPraktikum3
"Kinomoto, Sakura (木之本 さくら)",https://intip.in/RILLJawabanPraktikum3
Sasori (サソリ),https://intip.in/RILLJawabanPraktikum3
"Ryougi, Shiki (両儀 式)",https://intip.in/RILLJawabanPraktikum3
"Nagato, Yuki (長門 有希)",https://intip.in/RILLJawabanPraktikum3
"Polnareff, Jean-Pierre (ジャン＝ピエール・ポルナレフ)",https://intip.in/RILLJawabanPraktikum3
"Nishinoya, Yuu (西谷 夕)",https://intip.in/RILLJawabanPraktikum3
Kite (カイト),https://intip.in/RILLJawabanPraktikum3
Shirayuki (白雪),https://intip.in/RILLJawabanPraktikum3
"Tepes, Krul (クルル・ツェペシ)",https://intip.in/RILLJawabanPraktikum3
Scar (スカー (傷の男)),https://intip.in/RILLJawabanPraktikum3
"Elric, Edward (エドワード・エルリック)",https://intip.in/RILLJawabanPraktikum3
"Daidouji, Tomoyo (大道寺 知世)",https://intip.in/RILLJawabanPraktikum3
"Yamauchi, Sakura (山内 桜良)",https://intip.in/RILLJawabanPraktikum3
Sora (空),https://intip.in/RILLJawabanPraktikum3
"Silva, Noelle (ノエル・シルヴァ)",https://intip.in/RILLJawabanPraktikum3
"Kurumizawa McDowell, Satanichia (胡桃沢=サタニキア=マクドウェル)",https://intip.in/RILLJawabanPraktikum3
"Hori, Kyouko (堀 京子)",https://intip.in/RILLJawabanPraktikum3
"Horikita, Suzune (堀北 鈴音)",https://intip.in/RILLJawabanPraktikum3
Aqua (アクア),https://intip.in/RILLJawabanPraktikum3
"Dola, Schwi (シュヴィ・ドーラ)",https://intip.in/RILLJawabanPraktikum3
"Foster, Isaac (アイザック・フォスター)",https://intip.in/RILLJawabanPraktikum3
"Kagenou, Cid (シド・カゲノー)",https://intip.in/RILLJawabanPraktikum3
"Ooto, Ai (大戸 アイ)",https://intip.in/RILLJawabanPraktikum3
"Nanakusa, Nazuna (七草 ナズナ)",https://intip.in/RILLJawabanPraktikum3
"Takagi, Yasushi (高木 泰士)",https://intip.in/RILLJawabanPraktikum3
"Dostoyevsky, Fyodor (フョードル・ドストエフスキー)",https://intip.in/RILLJawabanPraktikum3
Hanako-kun (花子くん),https://intip.in/RILLJawabanPraktikum3
Happy (ハッピー),https://intip.in/RILLJawabanPraktikum3
"Izumi, Sagiri (和泉 紗霧)",https://intip.in/RILLJawabanPraktikum3
Sniper Kamen (スナイパー仮面),https://intip.in/RILLJawabanPraktikum3
"Tenma, Kenzou (天馬 賢三)",https://intip.in/RILLJawabanPraktikum3
"Hinazuki, Kayo (雛月 加代)",https://intip.in/RILLJawabanPraktikum3
"Vermillion, Mereoleona (メレオレオナ・ヴァーミリオン)",https://intip.in/RILLJawabanPraktikum3
"Ikari, Shinji (碇 シンジ)",https://intip.in/RILLJawabanPraktikum3
"Yuzuriha, Inori (楪 いのり)",https://intip.in/RILLJawabanPraktikum3
"Inoue, Takina (井ノ上 たきな)",https://intip.in/RILLJawabanPraktikum3
"Suzumiya, Haruhi (涼宮 ハルヒ)",https://intip.in/RILLJawabanPraktikum3
"Ishigami, Yuu (石上 優)",https://intip.in/RILLJawabanPraktikum3
"Speeddraw, Fremy (フレミー・スピッドロウ)",https://intip.in/RILLJawabanPraktikum3
Takagi (高木),https://intip.in/RILLJawabanPraktikum3
Saitama (サイタマ),https://intip.in/RILLJawabanPraktikum3
Thorfinn (トルフィン),https://intip.in/RILLJawabanPraktikum3
"Kaneki, Ken (金木 研)",https://intip.in/RILLJawabanPraktikum3
Kamina (カミナ),https://intip.in/RILLJawabanPraktikum3
Pain (ペイン),https://intip.in/RILLJawabanPraktikum3
"Aisaka, Taiga (逢坂 大河)",https://intip.in/RILLJawabanPraktikum3
"Kise, Ryouta (黄瀬 涼太)",https://intip.in/RILLJawabanPraktikum3
"Tanaka, Asuka (田中 あすか)",https://intip.in/RILLJawabanPraktikum3
"Suzuya, Juuzou (鈴屋 什造)",https://intip.in/RILLJawabanPraktikum3
"Amajiki, Tamaki (天喰 環)",https://intip.in/RILLJawabanPraktikum3
"Kita, Ikuyo (喜多 郁代)",https://intip.in/RILLJawabanPraktikum3
Sephiroth (セフィロス),https://intip.in/RILLJawabanPraktikum3
Nausicaä (ナウシカ),https://intip.in/RILLJawabanPraktikum3
Puck (パック),https://intip.in/RILLJawabanPraktikum3
"Onodera, Punpun (小野寺 プンプン)",https://intip.in/RILLJawabanPraktikum3
Emilia (エミリア),https://intip.in/RILLJawabanPraktikum3
"Momozono, Nanami (桃園 奈々生)",https://intip.in/RILLJawabanPraktikum3
Friend (ともだち),https://intip.in/RILLJawabanPraktikum3
Tooru (トール),https://intip.in/RILLJawabanPraktikum3
"Yotsuya, Miko (四谷 みこ)",https://intip.in/RILLJawabanPraktikum3
"Makise, Kurisu (牧瀬 紅莉栖)",https://intip.in/RILLJawabanPraktikum3
Vegeta (ベジータ),https://intip.in/RILLJawabanPraktikum3
"Kaizuka, Inaho (界塚 伊奈帆)",https://intip.in/RILLJawabanPraktikum3
"Osaki, Nana (大崎 ナナ)",https://intip.in/RILLJawabanPraktikum3
"Karuizawa, Kei (軽井沢 恵)",https://intip.in/RILLJawabanPraktikum3
"Dunois, Charlotte (シャルロット デュノア)",https://intip.in/RILLJawabanPraktikum3
"Busujima, Saeko (毒島 冴子)",https://intip.in/RILLJawabanPraktikum3
"Katsuki, Yuuri (勝生 勇利)",https://intip.in/RILLJawabanPraktikum3
Keyaru (ケヤル／ケヤルガ),https://intip.in/RILLJawabanPraktikum3
"Uchiha, Sasuke (うちは サスケ)",https://intip.in/RILLJawabanPraktikum3
Tsukuyo (月詠),https://intip.in/RILLJawabanPraktikum3
"Yukihira, Souma (幸平 創真)",https://intip.in/RILLJawabanPraktikum3
Tsunade (綱手),https://intip.in/RILLJawabanPraktikum3
"Fudou, Akira (不動 明)",https://intip.in/RILLJawabanPraktikum3
"Tachibana, Rui (橘 瑠衣)",https://intip.in/RILLJawabanPraktikum3
"Dracule, Mihawk (ジュラキュール・ミホーク)",https://intip.in/RILLJawabanPraktikum3
Sakamoto (阪本),https://intip.in/RILLJawabanPraktikum3
"Fairbrook Wingates Hellsing, Integra (インテグラル・ファルブルケ・ウィンゲーツ・ヘルシング)",https://intip.in/RILLJawabanPraktikum3
"Yeager, Eren (エレン・イェーガー)",https://intip.in/RILLJawabanPraktikum3
"Honma, Meiko (本間 芽衣子)",https://intip.in/RILLJawabanPraktikum3
King (キング),https://intip.in/RILLJawabanPraktikum3
"Tanaka, Ryuunosuke (田中 龍之介)",https://intip.in/RILLJawabanPraktikum3
Mugen (無限),https://intip.in/RILLJawabanPraktikum3
Mumen Rider (無免ライダー),https://intip.in/RILLJawabanPraktikum3
"Urabe, Mikoto (卜部美琴)",https://intip.in/RILLJawabanPraktikum3
"Nishimiya, Shouko (西宮 硝子)",https://intip.in/RILLJawabanPraktikum3
Ruler (ルーラー),https://intip.in/RILLJawabanPraktikum3
Twenty-Fifth Bam (스물다섯번째 밤 / 夜),https://intip.in/RILLJawabanPraktikum3
"Fernandes, Jellal (ジェラール・フェルナンデス)",https://intip.in/RILLJawabanPraktikum3
"Phantomhive, Ciel (シエル・ファントムハイヴ)",https://intip.in/RILLJawabanPraktikum3
Sinbad (シンドバッド),https://intip.in/RILLJawabanPraktikum3
"Himejima, Akeno (姫島 朱乃)",https://intip.in/RILLJawabanPraktikum3
"Netero, Isaac (アイザック＝ネテロ)",https://intip.in/RILLJawabanPraktikum3
"Hohenheim, Van (ヴァン・ホーエンハイム)",https://intip.in/RILLJawabanPraktikum3
"Saotome, Mary (早乙女 芽亜里)",https://intip.in/RILLJawabanPraktikum3
"Aoyama, Nanami (青山 七海)",https://intip.in/RILLJawabanPraktikum3
Tobi (トビ),https://intip.in/RILLJawabanPraktikum3
"Evans, Soul Eater (ソウル・イーター・エヴァンス)",https://intip.in/RILLJawabanPraktikum3
"Tsunemori, Akane (常守 朱)",https://intip.in/RILLJawabanPraktikum3
